Station_name,Station_address,Operator,Number_of_plugs,Charger_Type,Charger_rating,Latitude,Longitude,LGANAME,PCODE,Source,Status,Max_kW_Rating,Total_kW_Capacity,index_right,SA4_CODE26,SA4_NAME26,CHG_FLAG26,CHG_LBL26,GCC_CODE26,GCC_NAME26,STE_CODE26,STE_NAME26,AUS_CODE26,AUS_NAME26,AREASQKM26,ocm_poi_id,plug_types,num_bays,operator_ocm,pricing_ocm,match_distance_km,name_similarity,address_similarity,match_score,match_confidence
Unknown,"01 Wallgrove Road, Sydney, 2766",BP,4,DC,150 kW,-33.81100405,150.8495966,Blacktown City Council,2766,Existing Fast Chargers,Operational,150.0,150.0,15.0,116,Sydney - Blacktown,0,No change,1GSYD,Greater Sydney,1,New South Wales,AUS,Australia,240.8836,272521.0,CCS (Type 2),2.0,BP Pulse (AU),$0.55/kWh,0.0651,,,,coordinate_distance
Unknown,"1 - 7 Ross St, Wilcannia NSW 2836, Australia",NRMA,4,DC,50 kW,-30.5118739,151.669395,Central Darling Shire Council,2350,TfNSW Regional,Operational,50.0,50.0,9.0,110,New England and North West,0,No change,1RNSW,Rest of NSW,1,New South Wales,AUS,Australia,99139.9014,170824.0,"CCS (Type 2), CHAdeMO",1.0,NRMA,Currently free but will be fee at some point.,0.0292,,,,coordinate_distance
Unknown,"1 Bay St, Sydney, 2037",Tesla,16,DC,130 kW,-33.88350355,151.1944334,"Sydney, Council of the City of",2037,Existing Fast Chargers,Operational,130.0,130.0,16.0,117,Sydney - City and Inner South,0,No change,1GSYD,Greater Sydney,1,New South Wales,AUS,Australia,66.117,311308.0,CCS (Type 2),3.0,Tesla (including non-tesla),0,0.0194,,,,coordinate_distance
Unknown,"1 Bells Blvd, Kingscliff, 2487",Evie,4,DC,75 kW,-28.27690295,153.5770781,Tweed Shire Council,2487,Existing Fast Chargers,Operational,75.0,75.0,11.0,112,Richmond - Tweed,0,No change,1RNSW,Rest of NSW,1,New South Wales,AUS,Australia,10271.3204,,,,,,,,,,no_match
Unknown,"1 Dalgal Way, Sydney, 2037",Tesla,4,DC,250 kW,-33.87650055,151.178,"Sydney, Council of the City of",2037,Existing Fast Chargers,Operational,250.0,250.0,16.0,117,Sydney - City and Inner South,0,No change,1GSYD,Greater Sydney,1,New South Wales,AUS,Australia,66.117,,,,,,,,,,no_match
Unknown,"1 Frederick St, Sydney, 2064",Evie,6,DC,150 kW,-33.81707912,151.1889369,Willoughby City Council,2064,Existing Fast Chargers,Operational,150.0,150.0,20.0,121,Sydney - North Sydney and Hornsby,0,No change,1GSYD,Greater Sydney,1,New South Wales,AUS,Australia,275.0992,272613.0,"CCS (Type 2), CHAdeMO",1.0,Chargefox,$0.30/kWh,0.157,,,,coordinate_distance
Unknown,"1 Greenbridge Dr, Wilton, 2571",Chargefox,2,DC,160 kW,-34.22847652,150.6841562,Wollondilly Shire Council,2571,Existing Fast Chargers,Operational,160.0,160.0,22.0,123,Sydney - Outer South West,0,No change,1GSYD,Greater Sydney,1,New South Wales,AUS,Australia,1277.2421,,,,,,,,,,no_match
Unknown,"1 Ingham Dr, Casula NSW 2170",Evie,4,DC,50 kW,-33.948829,150.90027,Liverpool City Council,2170,ARENA - Driving the Nation,Operational,50.0,50.0,26.0,127,Sydney - South West,0,No change,1GSYD,Greater Sydney,1,New South Wales,AUS,Australia,540.2775,272688.0,"CCS (Type 2), CHAdeMO",2.0,Evie,,0.1255,,,,coordinate_distance
Unknown,"1 Little Walker St, Casino, NSW 2470, Australia",NRMA,4,DC,50 kW,-35.442745,149.7913305,Richmond Valley Council,2622,TfNSW Regional,Operational,50.0,50.0,0.0,101,Capital Region,0,No change,1RNSW,Rest of NSW,1,New South Wales,AUS,Australia,51896.2445,,,,,,,,,,no_match
Unknown,"1 Park St, Sydney, 2103",JOLT,2,DC,25 kW,-33.67613618,151.3039429,Northern Beaches Council,2103,Existing Fast Chargers,Operational,25.0,25.0,21.0,122,Sydney - Northern Beaches,0,No change,1GSYD,Greater Sydney,1,New South Wales,AUS,Australia,254.2073,192929.0,"CHAdeMO, CCS (Type 2)",1.0,Jolt,"First 7kWh free, then $0.46 per kWh thereafter. $5/hr idle time",0.0057,,,,coordinate_distance
Unknown,"1 Perry St, Batemans Bay, 2536",Evie,4,DC,75 kW,-35.70737242,150.1761672,Eurobodalla Shire Council,2536,Existing Fast Chargers,Operational,75.0,75.0,0.0,101,Capital Region,0,No change,1RNSW,Rest of NSW,1,New South Wales,AUS,Australia,51896.2445,157566.0,"CCS (Type 2), CHAdeMO",1.0,NRMA,,0.1384,,,,coordinate_distance
Unknown,"1 Plunkett St, Sydney, 2065",Exploren,2,DC,50 kW,-33.8215586,151.1964124,Willoughby City Council,2065,Existing Fast Chargers,Operational,50.0,50.0,20.0,121,Sydney - North Sydney and Hornsby,0,No change,1GSYD,Greater Sydney,1,New South Wales,AUS,Australia,275.0992,272632.0,"CCS (Type 2), CHAdeMO",2.0,Evie,,0.275,,,,coordinate_distance
Unknown,"1 Wharf St, Tweed Heads, 2485",Tesla,6,DC,250 kW,-28.17378983,153.5445165,Tweed Shire Council,2485,Existing Fast Chargers,Operational,250.0,250.0,11.0,112,Richmond - Tweed,0,No change,1RNSW,Rest of NSW,1,New South Wales,AUS,Australia,10271.3204,,,,,,,,,,no_match
Unknown,"1/9 Railway Parade, Kogarah NSW 2217",Evie,4,DC,150 kW,-33.9624686,151.1324696,Georges River Council,2217,ARENA - Driving the Nation,Operational,150.0,150.0,18.0,119,Sydney - Inner South West,0,No change,1GSYD,Greater Sydney,1,New South Wales,AUS,Australia,163.9273,,,,,,,,,,no_match
Unknown,"10 Brookfield Rd, Minto NSW 2566",Evie,4,DC,75 kW,-34.03094307,150.8490285,Campbelltown City Council,2566,ARENA - Driving the Nation,Operational,75.0,75.0,22.0,123,Sydney - Outer South West,0,No change,1GSYD,Greater Sydney,1,New South Wales,AUS,Australia,1277.2421,,,,,,,,,,no_match
Unknown,"10 Elizabeth St, Bathurst, 2795",Evie,4,DC,150 kW,-33.41417222,149.5833564,Bathurst Regional Council,2795,Existing Fast Chargers,Operational,150.0,150.0,2.0,103,Central West,0,No change,1RNSW,Rest of NSW,1,New South Wales,AUS,Australia,70297.0605,121552.0,CCS (Type 2),6.0,Tesla (including non-tesla),AUD 0.66/kWh;other tariffs for older cars,0.6279,,,,coordinate_distance
Unknown,"10 Winery Dr, Port Macquarie, 2444",Tesla,12,DC,130 kW,-31.43610015,152.8235826,Port Macquarie-Hastings Council,2444,Existing Fast Chargers,Operational,130.0,130.0,7.0,108,Mid North Coast,0,No change,1RNSW,Rest of NSW,1,New South Wales,AUS,Australia,18851.4993,79311.0,CCS (Type 2),6.0,Tesla (Tesla-only charging),AUD 0.52/kWh,0.0001,,,,coordinate_distance
Unknown,"105 Station Rd, Sydney, 2147",Ampol,2,DC,150 kW,-33.77436041,150.9448809,Blacktown City Council,2147,Existing Fast Chargers,Operational,150.0,150.0,15.0,116,Sydney - Blacktown,0,No change,1GSYD,Greater Sydney,1,New South Wales,AUS,Australia,240.8836,,,,,,,,,,no_match
Unknown,"106 Parraween St, Sydney, 2090",Evie,4,DC,75 kW,-33.8273504,151.2303373,North Sydney Council,2090,Existing Fast Chargers,Operational,75.0,75.0,20.0,121,Sydney - North Sydney and Hornsby,0,No change,1GSYD,Greater Sydney,1,New South Wales,AUS,Australia,275.0992,,,,,,,,,,no_match
Unknown,"1067 Oxley Hwy, Thrumster, 2444",Chargefox,4,DC,180 kW,-31.46394199,152.8219499,Port Macquarie-Hastings Council,2444,Existing Fast Chargers,Operational,180.0,180.0,7.0,108,Mid North Coast,0,No change,1RNSW,Rest of NSW,1,New South Wales,AUS,Australia,18851.4993,172921.0,"CCS (Type 2), CHAdeMO",2.0,Chargefox,"$0.60/kWh, 20% discount for NRMA members",0.0299,,,,coordinate_distance
Unknown,"1068 Pittwater Rd, Sydney, 2097",JOLT,2,DC,25 kW,-33.73111016,151.301011,Northern Beaches Council,2097,Existing Fast Chargers,Operational,25.0,25.0,21.0,122,Sydney - Northern Beaches,0,No change,1GSYD,Greater Sydney,1,New South Wales,AUS,Australia,254.2073,,,,,,,,,,no_match
Unknown,"109 Beecroft Rd, Sydney, 2119",JOLT,2,DC,25 kW,-33.75051656,151.0650831,"Hornsby, The Council of the Shire of",2119,Existing Fast Chargers,Operational,25.0,25.0,25.0,126,Sydney - Ryde,0,No change,1GSYD,Greater Sydney,1,New South Wales,AUS,Australia,69.3368,,,,,,,,,,no_match
Unknown,"10W Apsley St, Walcha NSW 2354, Australia",NRMA,4,DC,50 kW,-29.960127,146.8578887,Walcha Council,2839,TfNSW Regional,Operational,50.0,50.0,4.0,105,Far West and Orana,0,No change,1RNSW,Rest of NSW,1,New South Wales,AUS,Australia,339355.6495,190682.0,"CCS (Type 2), CHAdeMO",1.0,NRMA,Currently free but will be fee at some point.,0.0567,,,,coordinate_distance
Unknown,"11 Ewingsdale Rd, Ewingsdale, 2481",NRMA,4,DC,75 kW,-28.63612817,153.5534605,Byron Shire Council,2481,Existing Fast Chargers,Operational,75.0,75.0,11.0,112,Richmond - Tweed,0,No change,1RNSW,Rest of NSW,1,New South Wales,AUS,Australia,10271.3204,190394.0,"CCS (Type 2), CHAdeMO",1.0,NRMA,,0.048,,,,coordinate_distance
Unknown,"11 Scott St, Sydney, 2170",JOLT,2,DC,25 kW,-33.92522427,150.9265836,Liverpool City Council,2170,Existing Fast Chargers,Operational,25.0,25.0,26.0,127,Sydney - South West,0,No change,1GSYD,Greater Sydney,1,New South Wales,AUS,Australia,540.2775,,,,,,,,,,no_match
Unknown,"110 Anzac Pde, Sydney, 2033",JOLT,2,DC,25 kW,-33.90717322,151.2239409,Randwick City Council,2033,Existing Fast Chargers,Operational,25.0,25.0,17.0,118,Sydney - Eastern Suburbs,0,No change,1GSYD,Greater Sydney,1,New South Wales,AUS,Australia,57.7341,190875.0,"CCS (Type 2), CHAdeMO",1.0,Jolt,$0.00/kWh up to 7 kWh then $0.40/kWh,0.018,,,,coordinate_distance
Unknown,"1106 Barrenjoey Rd, Sydney, 2108",JOLT,2,DC,25 kW,-33.59707712,151.320022,Northern Beaches Council,2108,Existing Fast Chargers,Operational,25.0,25.0,21.0,122,Sydney - Northern Beaches,0,No change,1GSYD,Greater Sydney,1,New South Wales,AUS,Australia,254.2073,295979.0,"CHAdeMO, CCS (Type 2)",1.0,Jolt,"First 7kWh free, then $0.49 per kWh thereafter. $5/hr idle time",0.0235,,,,coordinate_distance
Unknown,"11-37 Alexandria Pde, Sydney, 2077",JOLT,2,DC,25 kW,-33.70973178,151.1045866,"Hornsby, The Council of the Shire of",2077,Existing Fast Chargers,Operational,25.0,25.0,20.0,121,Sydney - North Sydney and Hornsby,0,No change,1GSYD,Greater Sydney,1,New South Wales,AUS,Australia,275.0992,278525.0,CCS (Type 2),1.0,Ampol AmpCharge,,0.2156,,,,coordinate_distance
Unknown,"116 Liverpool St, Scone, NSW 2337, Australia",NRMA,2,DC,50 kW,-31.9598511,141.4601038,Upper Hunter Shire Council,2880,TfNSW Regional,Operational,50.0,50.0,4.0,105,Far West and Orana,0,No change,1RNSW,Rest of NSW,1,New South Wales,AUS,Australia,339355.6495,190677.0,"CCS (Type 2), CHAdeMO",1.0,NRMA,,0.0473,,,,coordinate_distance
Unknown,"1183-1187 The Horsley Dr, Sydney, 2164",Chargefox,2,DC,150 kW,-33.84986891,150.8978248,Fairfield City Council,2164,Existing Fast Chargers,Operational,150.0,150.0,26.0,127,Sydney - South West,0,No change,1GSYD,Greater Sydney,1,New South Wales,AUS,Australia,540.2775,272624.0,CCS (Type 2),2.0,Chargefox,$0.55/kWh,0.0798,,,,coordinate_distance
Unknown,"1183-1187 The Horsley Dr, Wetherill Park NSW 2164",Engie,2,DC,150 kW,-33.8505352,150.8988605,Fairfield City Council,2164,ARENA - Driving the Nation,Operational,150.0,150.0,26.0,127,Sydney - South West,0,No change,1GSYD,Greater Sydney,1,New South Wales,AUS,Australia,540.2775,272624.0,CCS (Type 2),2.0,Chargefox,$0.55/kWh,0.0449,,,,coordinate_distance
Unknown,"119 Stenhouse Drive, Cameron Park, 2285",Evie,8,DC,350 kW,-32.89647352,151.5977107,Lake Macquarie City Council,2285,Existing Fast Chargers,Operational,350.0,350.0,10.0,111,Newcastle and Lake Macquarie,0,No change,1RNSW,Rest of NSW,1,New South Wales,AUS,Australia,870.5824,266586.0,"CCS (Type 2), CHAdeMO",2.0,Evie,0.60c per kWh,0.0126,,,,coordinate_distance
Unknown,"12 Hume Hwy, Pheasants Nest, 2574",Ampol,9,DC,150 kW,-34.28138543,150.640016,Wollondilly Shire Council,2574,Existing Fast Chargers,Operational,150.0,150.0,6.0,107,Illawarra,0,No change,1RNSW,Rest of NSW,1,New South Wales,AUS,Australia,1539.2408,279180.0,"CCS (Type 2), CHAdeMO",6.0,Ampol AmpCharge,AUD 0.69/kWh,0.2362,,,,coordinate_distance
Unknown,"12 Hume Hwy, Pheasants Nest, 2574",Ampol,9,DC,150 kW,-34.28222427,150.6366026,Wollondilly Shire Council,2574,Existing Fast Chargers,Operational,150.0,150.0,22.0,123,Sydney - Outer South West,0,No change,1GSYD,Greater Sydney,1,New South Wales,AUS,Australia,1277.2421,279179.0,"CCS (Type 2), CHAdeMO",1.0,Ampol AmpCharge,$0.69 per kWh,0.0877,,,,coordinate_distance
Unknown,"12 Jacksons Rd, Warriewood NSW 2102",Engie,2,DC,150 kW,-33.6971741,151.2956935,Northern Beaches Council,2102,ARENA - Driving the Nation,Operational,150.0,150.0,21.0,122,Sydney - Northern Beaches,0,No change,1GSYD,Greater Sydney,1,New South Wales,AUS,Australia,254.2073,272615.0,CCS (Type 2),2.0,Chargefox,$0.45/kWh,0.1833,,,,coordinate_distance
Unknown,"12 Lord St, Botany NSW 2019",Evie,4,DC,75 kW,-33.939429,151.1970375,Bayside Council,2019,ARENA - Driving the Nation,Operational,75.0,75.0,16.0,117,Sydney - City and Inner South,0,No change,1GSYD,Greater Sydney,1,New South Wales,AUS,Australia,66.117,,,,,,,,,,no_match
Unknown,"121 Princes Hwy, Wollongong, 2519",Exploren,2,DC,60 kW,-34.40192697,150.8906517,Wollongong City Council,2519,Existing Fast Chargers,Operational,60.0,60.0,6.0,107,Illawarra,0,No change,1RNSW,Rest of NSW,1,New South Wales,AUS,Australia,1539.2408,273425.0,CCS (Type 2),2.0,BP Pulse (AU),55c/kWh,0.1464,,,,coordinate_distance
Unknown,"126 Mackay Ave, Yoogali, 2680",Chargefox,1,DC,24 kW,-34.30172777,146.0826426,Griffith City Council,2680,Existing Fast Chargers,Operational,24.0,24.0,12.0,113,Riverina,0,No change,1RNSW,Rest of NSW,1,New South Wales,AUS,Australia,56984.9808,306015.0,CCS (Type 2),1.0,Chargefox,$0.40/kWh,0.0553,,,,coordinate_distance
Unknown,"127 Conadilly St, Gunnedah, 2380",Chargefox,4,DC,47 kW,-30.97681086,150.2501652,Gunnedah Shire Council,2380,Existing Fast Chargers,Operational,47.0,47.0,9.0,110,New England and North West,0,No change,1RNSW,Rest of NSW,1,New South Wales,AUS,Australia,99139.9014,274452.0,"CCS (Type 2), CHAdeMO",1.0,(Unknown Operator),"$0, but payment will be required Oct-Dec 2023",0.1969,,,,coordinate_distance
Unknown,"128 Flood Street, Leichhardt NSW 2040",Evie,4,DC,75 kW,-33.88518,151.148629,Inner West Council,2040,ARENA - Driving the Nation,Operational,75.0,75.0,19.0,120,Sydney - Inner West,0,No change,1GSYD,Greater Sydney,1,New South Wales,AUS,Australia,64.5756,272673.0,"CCS (Type 2), CHAdeMO",2.0,Evie,,0.2252,,,,coordinate_distance
Unknown,"1-3 Dural St, Hornsby NSW 2077",Evie,4,DC,50 kW,-33.70276181,151.0964792,"Hornsby, The Council of the Shire of",2077,ARENA - Driving the Nation,Operational,50.0,50.0,20.0,121,Sydney - North Sydney and Hornsby,0,No change,1GSYD,Greater Sydney,1,New South Wales,AUS,Australia,275.0992,,,,,,,,,,no_match
Unknown,"13125 Hume Hwy, Sutton Forest, 2577",Evie,8,DC,350 kW,-34.60721926,150.2251632,Wingecarribee Shire Council,2577,Existing Fast Chargers,Operational,350.0,350.0,13.0,114,Southern Highlands and Shoalhaven,0,No change,1RNSW,Rest of NSW,1,New South Wales,AUS,Australia,6704.9619,238124.0,"CCS (Type 2), CHAdeMO",4.0,Evie,65c per kWh energy consumed.,0.0073,,,,coordinate_distance
Unknown,"13-17 Princes Hwy, Albion Park Rail NSW 2527",Evie,2,DC,50 kW,-34.5504346,150.7877814,Shellharbour City Council,2527,ARENA - Driving the Nation,Operational,50.0,50.0,6.0,107,Illawarra,0,No change,1RNSW,Rest of NSW,1,New South Wales,AUS,Australia,1539.2408,,,,,,,,,,no_match
Unknown,"132 Pound Street, Grafton, 2460",NRMA,2,DC,50 kW,-29.68846451,152.933015,Clarence Valley Council,2460,Existing Fast Chargers,Operational,50.0,50.0,3.0,104,Coffs Harbour - Grafton,0,No change,1RNSW,Rest of NSW,1,New South Wales,AUS,Australia,13229.7573,190393.0,"CCS (Type 2), CHAdeMO",1.0,NRMA,,0.0667,,,,coordinate_distance
Unknown,"133 Liverpool Rd, Sydney, 2134",JOLT,2,DC,25 kW,-33.88724929,151.0993353,Burwood Council,2134,Existing Fast Chargers,Operational,25.0,25.0,19.0,120,Sydney - Inner West,0,No change,1GSYD,Greater Sydney,1,New South Wales,AUS,Australia,64.5756,,,,,,,,,,no_match
Unknown,"133 Wyndham St Cnr Mcevoy St, Alexandria, NSW, 2015",Ampol,2,DC,150 kW,-33.9020166,151.2000104,Bayside Council,2015,ARENA - Driving the Nation,Operational,150.0,150.0,16.0,117,Sydney - City and Inner South,0,No change,1GSYD,Greater Sydney,1,New South Wales,AUS,Australia,66.117,272614.0,"CCS (Type 2), CHAdeMO, Type 2 (Socket Only)",4.0,Chargefox,Free,0.8138,,,,coordinate_distance
Unknown,"134 Lachlan St, Hay, 2711",NRMA,4,DC,180 kW,-34.50890395,144.8427858,Hay Shire Council,2711,Existing Fast Chargers,Operational,180.0,180.0,8.0,109,Murray,0,No change,1RNSW,Rest of NSW,1,New South Wales,AUS,Australia,97796.4912,190670.0,"CCS (Type 2), CHAdeMO",1.0,NRMA,Currently free but will be fee at some point.,0.0274,,,,coordinate_distance
Unknown,"134 Lachlan St, Hay, 2711",NRMA,2,DC,50 kW,-34.50908013,144.8410701,Hay Shire Council,2711,Existing Fast Chargers,Operational,50.0,50.0,8.0,109,Murray,0,No change,1RNSW,Rest of NSW,1,New South Wales,AUS,Australia,97796.4912,190670.0,"CCS (Type 2), CHAdeMO",1.0,NRMA,Currently free but will be fee at some point.,0.1741,,,,coordinate_distance
Unknown,"134-136 Grafton St, Coffs Harbour, 2450",BP,2,DC,75 kW,-30.29156861,153.1183714,Coffs Harbour City Council,2450,Existing Fast Chargers,Operational,75.0,75.0,3.0,104,Coffs Harbour - Grafton,0,No change,1RNSW,Rest of NSW,1,New South Wales,AUS,Australia,13229.7573,273433.0,"CCS (Type 2), CHAdeMO",1.0,BP Pulse (AU),$0.55/kWh,0.0156,,,,coordinate_distance
Unknown,"14 Everton Rd, Sydney, 2135",JOLT,2,DC,25 kW,-33.87204909,151.0954464,Burwood Council,2135,Existing Fast Chargers,Operational,25.0,25.0,19.0,120,Sydney - Inner West,0,No change,1GSYD,Greater Sydney,1,New South Wales,AUS,Australia,64.5756,,,,,,,,,,no_match
Unknown,"140 Denison St, Sydney, 2036",Exploren,2,DC,120 kW,-33.94916821,151.2247958,Bayside Council,2036,Existing Fast Chargers,Operational,120.0,120.0,16.0,117,Sydney - City and Inner South,0,No change,1GSYD,Greater Sydney,1,New South Wales,AUS,Australia,66.117,,,,,,,,,,no_match
Unknown,"140 Queen St, Berry, 2535",NRMA,2,DC,50 kW,-34.77559464,150.7010871,Shoalhaven City Council,2535,Existing Fast Chargers,Operational,50.0,50.0,13.0,114,Southern Highlands and Shoalhaven,0,No change,1RNSW,Rest of NSW,1,New South Wales,AUS,Australia,6704.9619,161845.0,"CCS (Type 2), CHAdeMO",1.0,NRMA,Currently free but will be fee at some point for non NRMA Members,0.0272,,,,coordinate_distance
Unknown,"141 Morgan St, Sydney, 2209",JOLT,2,DC,25 kW,-33.9492503,151.0812503,Georges River Council,2209,Existing Fast Chargers,Operational,25.0,25.0,18.0,119,Sydney - Inner South West,0,No change,1GSYD,Greater Sydney,1,New South Wales,AUS,Australia,163.9273,,,,,,,,,,no_match
Unknown,"141 Roselands Ave, Roselands NSW 2196",Engie,2,DC,120 kW,-33.9354417,151.0685253,Georges River Council,2196,ARENA - Driving the Nation,Operational,120.0,120.0,18.0,119,Sydney - Inner South West,0,No change,1GSYD,Greater Sydney,1,New South Wales,AUS,Australia,163.9273,272617.0,CCS (Type 2),2.0,Chargefox,$0.45/kWh,0.0797,,,,coordinate_distance
Unknown,"149 Alison Rd, Sydney, 2031",JOLT,2,DC,50 kW,-33.91307612,151.2387948,Randwick City Council,2031,Existing Fast Chargers,Operational,50.0,50.0,17.0,118,Sydney - Eastern Suburbs,0,No change,1GSYD,Greater Sydney,1,New South Wales,AUS,Australia,57.7341,,,,,,,,,,no_match
Unknown,"15 Chancellors Dr, Thrumster , 2444",Tesla,12,DC,250 kW,-31.4577518,152.8267908,Port Macquarie-Hastings Council,2444,Existing Fast Chargers,Operational,250.0,250.0,7.0,108,Mid North Coast,0,No change,1RNSW,Rest of NSW,1,New South Wales,AUS,Australia,18851.4993,480398.0,CCS (Type 2),12.0,Tesla (including non-tesla),,0.0536,,,,coordinate_distance
Unknown,"15 Merriville Rd, Sydney, 2155",JOLT,2,DC,25 kW,-33.70040345,150.9283123,Blacktown City Council,2155,Existing Fast Chargers,Operational,25.0,25.0,15.0,116,Sydney - Blacktown,0,No change,1GSYD,Greater Sydney,1,New South Wales,AUS,Australia,240.8836,,,,,,,,,,no_match
Unknown,"15 Merriville Rd, Sydney, 2155",JOLT,2,DC,25 kW,-33.70051756,150.9281081,Blacktown City Council,2155,Existing Fast Chargers,Operational,25.0,25.0,15.0,116,Sydney - Blacktown,0,No change,1GSYD,Greater Sydney,1,New South Wales,AUS,Australia,240.8836,,,,,,,,,,no_match
Unknown,"15 Ridge St, Sydney, 2060",Evie,4,DC,75 kW,-33.83274979,151.2064264,North Sydney Council,2060,Existing Fast Chargers,Operational,75.0,75.0,20.0,121,Sydney - North Sydney and Hornsby,0,No change,1GSYD,Greater Sydney,1,New South Wales,AUS,Australia,275.0992,,,,,,,,,,no_match
Unknown,"15 Victory St, Braidwood, NSW 2622, Australia",NRMA,4,DC,50 kW,-31.4988197,145.8375768,Queanbeyan-Palerang Regional Council,2835,TfNSW Regional,Operational,50.0,50.0,4.0,105,Far West and Orana,0,No change,1RNSW,Rest of NSW,1,New South Wales,AUS,Australia,339355.6495,190679.0,"CCS (Type 2), CHAdeMO",1.0,NRMA,FREE,0.0016,,,,coordinate_distance
Unknown,"1509-1511 Pittwater Rd, Sydney, 2101",Ampol,2,DC,150 kW,-33.70444949,151.2968509,Northern Beaches Council,2101,Existing Fast Chargers,Operational,150.0,150.0,21.0,122,Sydney - Northern Beaches,0,No change,1GSYD,Greater Sydney,1,New South Wales,AUS,Australia,254.2073,272615.0,CCS (Type 2),2.0,Chargefox,$0.45/kWh,0.9852,,,,coordinate_distance
Unknown,"151 Beauchamp Rd, Sydney, 2036",JOLT,2,DC,25 kW,-33.95633138,151.2265986,Randwick City Council,2036,Existing Fast Chargers,Operational,25.0,25.0,17.0,118,Sydney - Eastern Suburbs,0,No change,1GSYD,Greater Sydney,1,New South Wales,AUS,Australia,57.7341,,,,,,,,,,no_match
Unknown,"152 Pacific Hwy, 36 Josephson St, Swansea NSW 2281",Evie,4,DC,50 kW,-33.088721,151.637587,Lake Macquarie City Council,2281,ARENA - Driving the Nation,Operational,50.0,50.0,10.0,111,Newcastle and Lake Macquarie,0,No change,1RNSW,Rest of NSW,1,New South Wales,AUS,Australia,870.5824,272675.0,"CCS (Type 2), CHAdeMO",2.0,Evie,,0.7231,,,,coordinate_distance
Unknown,"153 Coreen Ave Cnr Castlereagh Rd, Penrith, NSW, 2750",Ampol,2,DC,125 kW,-33.7428103,150.6929292,Penrith City Council,2750,ARENA - Driving the Nation,Operational,125.0,125.0,23.0,124,Sydney - Outer West and Blue Mountains,0,No change,1GSYD,Greater Sydney,1,New South Wales,AUS,Australia,3968.1295,274056.0,"CCS (Type 2), CHAdeMO",1.0,Ampol AmpCharge,$0.69/kWh for pay-as-you-go charging.,0.025,,,,coordinate_distance
Unknown,"156 Melbourne St, Mulwala, 2647",Wevolt,4,DC,80 kW,-35.99499104,146.001983,Federation Council,2647,Existing Fast Chargers,Operational,80.0,80.0,8.0,109,Murray,0,No change,1RNSW,Rest of NSW,1,New South Wales,AUS,Australia,97796.4912,,,,,,,,,,no_match
Unknown,"15620 Hume Hwy, Marulan, 2579",BP,2,DC,75 kW,-34.71852257,150.0003884,Goulburn Mulwaree Council,2579,Existing Fast Chargers,Operational,75.0,75.0,0.0,101,Capital Region,0,No change,1RNSW,Rest of NSW,1,New South Wales,AUS,Australia,51896.2445,238125.0,"CCS (Type 2), CHAdeMO",1.0,BP Pulse (AU),$0.55/kWh,0.0278,,,,coordinate_distance
Unknown,"15666 Hume Hwy, Marulan, 2579",BP,2,DC,75 kW,-34.71922127,149.9953273,Goulburn Mulwaree Council,2579,Existing Fast Chargers,Operational,75.0,75.0,0.0,101,Capital Region,0,No change,1RNSW,Rest of NSW,1,New South Wales,AUS,Australia,51896.2445,238126.0,"CCS (Type 2), CHAdeMO",1.0,BP Pulse (AU),$0.55/kWh ,0.0403,,,,coordinate_distance
Unknown,"157 Rouse Street, Tenterfield, NSW 2372, Australia",NRMA,2,DC,50 kW,-31.5645996,147.1969355,Tenterfield Shire Council,2825,TfNSW Regional,Operational,50.0,50.0,4.0,105,Far West and Orana,0,No change,1RNSW,Rest of NSW,1,New South Wales,AUS,Australia,339355.6495,190680.0,"CCS (Type 2), CHAdeMO",1.0,NRMA,Currently free but will be fee at some point for non NRMA Members,0.0035,,,,coordinate_distance
Unknown,"15c Mitchell St, Bourke, NSW 2840, Australia",NRMA,4,DC,75 kW,-30.3383734,152.7125414,Bourke Shire Council,2453,TfNSW Regional,Operational,75.0,75.0,3.0,104,Coffs Harbour - Grafton,0,No change,1RNSW,Rest of NSW,1,New South Wales,AUS,Australia,13229.7573,,,,,,,,,,no_match
Unknown,"16 Berry St, Nowra, 2541",NRMA,4,DC,160 kW,-34.87360065,150.6005345,Shoalhaven City Council,2541,Existing Fast Chargers,Operational,160.0,160.0,13.0,114,Southern Highlands and Shoalhaven,0,No change,1RNSW,Rest of NSW,1,New South Wales,AUS,Australia,6704.9619,,,,,,,,,,no_match
Unknown,"16 Oaks Ave, Sydney, 2099",JOLT,2,DC,25 kW,-33.75370175,151.287,Northern Beaches Council,2099,Existing Fast Chargers,Operational,25.0,25.0,21.0,122,Sydney - Northern Beaches,0,No change,1GSYD,Greater Sydney,1,New South Wales,AUS,Australia,254.2073,128195.0,"Type 1 (J1772), Tesla (Model S/X), Type 2 (Socket Only)",2.0,ChargePoint,Free,0.3816,,,,coordinate_distance
Unknown,"16-20 Goodhope St, Sydney, 2021",Chargefox,2,DC,30 kW,-33.88181186,151.2283183,Woollahra Municipal Council,2021,Existing Fast Chargers,Operational,30.0,30.0,17.0,118,Sydney - Eastern Suburbs,0,No change,1GSYD,Greater Sydney,1,New South Wales,AUS,Australia,57.7341,,,,,,,,,,no_match
Unknown,"164 Mona Vale Rd, St Ives, NSW, 2075",Ampol,2,DC,125 kW,-33.7307758,151.1570112,Ku-ring-gai Council,2075,ARENA - Driving the Nation,Operational,125.0,125.0,20.0,121,Sydney - North Sydney and Hornsby,0,No change,1GSYD,Greater Sydney,1,New South Wales,AUS,Australia,275.0992,,,,,,,,,,no_match
Unknown,"169 Willoughby Rd, Sydney, 2065",BP,2,DC,75 kW,-33.8201522,151.2011902,Willoughby City Council,2065,Existing Fast Chargers,Operational,75.0,75.0,20.0,121,Sydney - North Sydney and Hornsby,0,No change,1GSYD,Greater Sydney,1,New South Wales,AUS,Australia,275.0992,272632.0,"CCS (Type 2), CHAdeMO",2.0,Evie,,0.6808,,,,coordinate_distance
Unknown,"17 Smith St, Sydney, 2067",Chargefox,6,DC,47 kW,-33.78601306,151.1980831,Willoughby City Council,2067,Existing Fast Chargers,Operational,47.0,47.0,20.0,121,Sydney - North Sydney and Hornsby,0,No change,1GSYD,Greater Sydney,1,New South Wales,AUS,Australia,275.0992,,,,,,,,,,no_match
Unknown,"17 Stanley St, Sydney, 2210",JOLT,2,DC,25 kW,-33.96212217,151.0635736,Georges River Council,2210,Existing Fast Chargers,Operational,25.0,25.0,18.0,119,Sydney - Inner South West,0,No change,1GSYD,Greater Sydney,1,New South Wales,AUS,Australia,163.9273,192687.0,"CCS (Type 2), CHAdeMO",2.0,Jolt,0.40,0.2366,,,,coordinate_distance
Unknown,"17 Stewart St, Wollongong NSW 2500, Australia",NRMA,4,DC,75 kW,-29.7756503,151.1151033,Wollongong City Council,2453,TfNSW Regional,Operational,75.0,75.0,9.0,110,New England and North West,0,No change,1RNSW,Rest of NSW,1,New South Wales,AUS,Australia,99139.9014,266480.0,"CCS (Type 2), CHAdeMO",1.0,NRMA,FREE,0.1198,,,,coordinate_distance
Unknown,"173 The Vineyards Rd, Lake George, 2581",Exploren,2,DC,60 kW,-34.99682987,149.3848398,Yass Valley Council,2581,Existing Fast Chargers,Operational,60.0,60.0,0.0,101,Capital Region,0,No change,1RNSW,Rest of NSW,1,New South Wales,AUS,Australia,51896.2445,,,,,,,,,,no_match
Unknown,"18 Dandaloo St, Nyngan, NSW 2825, Australia",NRMA,4,DC,75 kW,-32.0506213,150.8667598,Bogan Shire Council,2360,TfNSW Regional,Operational,75.0,75.0,5.0,106,Hunter Valley exc Newcastle,0,No change,1RNSW,Rest of NSW,1,New South Wales,AUS,Australia,21491.2923,266500.0,"CCS (Type 2), CHAdeMO",1.0,NRMA,FREE,0.0266,,,,coordinate_distance
Unknown,"18 Silver St, Sydney, 2031",Chargefox,2,DC,42 kW,-33.91374579,151.2390611,Randwick City Council,2031,Existing Fast Chargers,Operational,42.0,42.0,17.0,118,Sydney - Eastern Suburbs,0,No change,1GSYD,Greater Sydney,1,New South Wales,AUS,Australia,57.7341,272630.0,"CCS (Type 2), CHAdeMO",2.0,Evie,,0.2383,,,,coordinate_distance
Unknown,"18 Victoria Avenue, Castle Hill NSW 2154",Evie,4,DC,50 kW,-33.727803,150.976049,The Hills Shire Council,2154,ARENA - Driving the Nation,Operational,50.0,50.0,14.0,115,Sydney - Baulkham Hills and Hawkesbury,0,No change,1GSYD,Greater Sydney,1,New South Wales,AUS,Australia,3251.4981,265390.0,"CCS (Type 2), CHAdeMO",2.0,Evie,$0.45 per kWh. Parking overstay charges may apply,0.0183,,,,coordinate_distance
Unknown,"185 Princes Hwy, Narooma , 2546",Tesla,8,DC,130 kW,-36.22313618,150.1283463,Eurobodalla Shire Council,2546,Existing Fast Chargers,Operational,130.0,130.0,0.0,101,Capital Region,0,No change,1RNSW,Rest of NSW,1,New South Wales,AUS,Australia,51896.2445,109340.0,CCS (Type 2),4.0,Tesla (including non-tesla),AUD 0.42/kWh;other tariffs for older cars,0.0,,,,coordinate_distance
Unknown,"188 Raglan St, Sydney, 2088",Evie,4,DC,50 kW,-33.83108413,151.2436587,Mosman Municipal Council,2088,Existing Fast Chargers,Operational,50.0,50.0,20.0,121,Sydney - North Sydney and Hornsby,0,No change,1GSYD,Greater Sydney,1,New South Wales,AUS,Australia,275.0992,272686.0,"CCS (Type 2), CHAdeMO",1.0,Evie,,0.0149,,,,coordinate_distance
Unknown,"19 Princes Hwy, Figtree NSW 2525, Australia",Tesla,6,DC,175 kW,-34.4366153,150.8632982,Wollongong City Council,2525,Fast Charging R1,Operational,175.0,175.0,6.0,107,Illawarra,0,No change,1RNSW,Rest of NSW,1,New South Wales,AUS,Australia,1539.2408,131564.0,Type 2 (Socket Only),2.0,,Free,0.0913,,,,coordinate_distance
Unknown,"1-9 Railway Parade, Kogarah NSW 2217",Evie,4,DC,150 kW,-33.96168115,151.1325903,Georges River Council,2217,ARENA - Driving the Nation,Operational,150.0,150.0,18.0,119,Sydney - Inner South West,0,No change,1GSYD,Greater Sydney,1,New South Wales,AUS,Australia,163.9273,,,,,,,,,,no_match
Unknown,"19 Richmond Rd, Sydney, 2140",JOLT,2,DC,25 kW,-33.86603808,151.0644525,Strathfield,2140,Existing Fast Chargers,Operational,25.0,25.0,19.0,120,Sydney - Inner West,0,No change,1GSYD,Greater Sydney,1,New South Wales,AUS,Australia,64.5756,190417.0,"CCS (Type 2), CHAdeMO",1.0,(Unknown Operator),"Free up to 7kWh, charges thereafter",0.0017,,,,coordinate_distance
Unknown,"19 Windsor Rd, Sydney, 2155",BP,2,DC,75 kW,-33.71274679,150.9591602,The Hills Shire Council,2155,Existing Fast Chargers,Operational,75.0,75.0,14.0,115,Sydney - Baulkham Hills and Hawkesbury,0,No change,1GSYD,Greater Sydney,1,New South Wales,AUS,Australia,3251.4981,,,,,,,,,,no_match
Unknown,197-215 Condamine St Balgowlah NSW 2093 Australia,Tesla,6,DC,175 kW,-33.7930342,151.2641426,Northern Beaches Council,2093,Fast Charging R3,Operational,175.0,175.0,21.0,122,Sydney - Northern Beaches,0,No change,1GSYD,Greater Sydney,1,New South Wales,AUS,Australia,254.2073,,,,,,,,,,no_match
Unknown,"198 Great Western Highway, Hazelbrook, NSW, 2779",Ampol,2,DC,125 kW,-33.7211325,150.4521067,Blue Mountains City Council,2779,ARENA - Driving the Nation,Operational,125.0,125.0,23.0,124,Sydney - Outer West and Blue Mountains,0,No change,1GSYD,Greater Sydney,1,New South Wales,AUS,Australia,3968.1295,,,,,,,,,,no_match
Unknown,"1985 Camden Valley Way, Prestons NSW 2170",Evie,4,DC,150 kW,-33.95224765,150.8557529,Liverpool City Council,2170,ARENA - Driving the Nation,Operational,150.0,150.0,26.0,127,Sydney - South West,0,No change,1GSYD,Greater Sydney,1,New South Wales,AUS,Australia,540.2775,133760.0,Type 1 (J1772),4.0,ChargePoint,Free,0.0179,,,,coordinate_distance
Unknown,"2 Coast Hospital Rd, Sydney, 2036",Evie,2,DC,75 kW,-33.98102507,151.2497087,Randwick City Council,2036,Existing Fast Chargers,Operational,75.0,75.0,17.0,118,Sydney - Eastern Suburbs,0,No change,1GSYD,Greater Sydney,1,New South Wales,AUS,Australia,57.7341,,,,,,,,,,no_match
Unknown,"2 Corkwood Rd, Valla, 2448",BP,2,DC,75 kW,-30.6267528,152.9724735,Nambucca Valley Council,2448,Existing Fast Chargers,Operational,75.0,75.0,7.0,108,Mid North Coast,0,No change,1RNSW,Rest of NSW,1,New South Wales,AUS,Australia,18851.4993,,,,,,,,,,no_match
Unknown,"2 Hannabus Pl, Windsor, 2756",Exploren,2,DC,60 kW,-33.62676281,150.8353483,Hawkesbury City Council,2756,Existing Fast Chargers,Operational,60.0,60.0,14.0,115,Sydney - Baulkham Hills and Hawkesbury,0,No change,1GSYD,Greater Sydney,1,New South Wales,AUS,Australia,3251.4981,,,,,,,,,,no_match
Unknown,"2 Hercules Street, Murrumbateman, 2582",Evie,2,DC,50 kW,-34.96936041,149.03,Yass Valley Council,2582,Existing Fast Chargers,Operational,50.0,50.0,0.0,101,Capital Region,0,No change,1RNSW,Rest of NSW,1,New South Wales,AUS,Australia,51896.2445,272500.0,"CCS (Type 2), CHAdeMO",1.0,Evie,Pricing set to 50c per kWh of charging.,0.0061,,,,coordinate_distance
Unknown,"2 Ocean Dr, Kew, 2439",Tesla,8,DC,250 kW,-31.63426031,152.7250501,Port Macquarie-Hastings Council,2439,Existing Fast Chargers,Operational,250.0,250.0,7.0,108,Mid North Coast,0,No change,1RNSW,Rest of NSW,1,New South Wales,AUS,Australia,18851.4993,460617.0,CCS (Type 2),8.0,Tesla (including non-tesla),$0.52/kWh - $0.72/kWh,0.0131,,,,coordinate_distance
Unknown,"2 Premier St, Sydney, 2217",JOLT,2,DC,25 kW,-33.96242247,151.1343213,Georges River Council,2217,Existing Fast Chargers,Operational,25.0,25.0,18.0,119,Sydney - Inner South West,0,No change,1GSYD,Greater Sydney,1,New South Wales,AUS,Australia,163.9273,,,,,,,,,,no_match
Unknown,"2 Riddell St, Sydney, 2023",Chargefox,2,DC,40 kW,-33.88578883,151.2573263,Woollahra Municipal Council,2023,Existing Fast Chargers,Operational,40.0,40.0,17.0,118,Sydney - Eastern Suburbs,0,No change,1GSYD,Greater Sydney,1,New South Wales,AUS,Australia,57.7341,,,,,,,,,,no_match
Unknown,"2 Rosenthal Ave, Lane Cove NSW 2066",Evie,4,DC,50 kW,-33.813936,151.169298,Lane Cove Municipal Council,2066,ARENA - Driving the Nation,Operational,50.0,50.0,20.0,121,Sydney - North Sydney and Hornsby,0,No change,1GSYD,Greater Sydney,1,New South Wales,AUS,Australia,275.0992,191165.0,"CCS (Type 2), CHAdeMO",2.0,Evie,$0.40/kWh,0.0037,,,,coordinate_distance
Unknown,"2 Sentry Dr, Sydney, 2768",Chargefox,4,DC,40 kW,-33.71984389,150.918979,Blacktown City Council,2768,Existing Fast Chargers,Operational,40.0,40.0,15.0,116,Sydney - Blacktown,0,No change,1GSYD,Greater Sydney,1,New South Wales,AUS,Australia,240.8836,,,,,,,,,,no_match
Unknown,"2 Stewart St, Lithgow, 2790",Evie,4,DC,150 kW,-33.48184889,150.1361812,"Lithgow Council, City of",2790,Existing Fast Chargers,Operational,150.0,150.0,2.0,103,Central West,0,No change,1RNSW,Rest of NSW,1,New South Wales,AUS,Australia,70297.0605,,,,,,,,,,no_match
Unknown,"20 Owen St, Sydney, 2761",Chargefox,2,DC,47 kW,-33.75074779,150.8580751,Blacktown City Council,2761,Existing Fast Chargers,Operational,47.0,47.0,15.0,116,Sydney - Blacktown,0,No change,1GSYD,Greater Sydney,1,New South Wales,AUS,Australia,240.8836,,,,,,,,,,no_match
Unknown,"20 Smidmore St, Marrickville NSW 2204",Evie,4,DC,50 kW,-33.907982,151.170899,Inner West Council,2204,ARENA - Driving the Nation,Operational,50.0,50.0,16.0,117,Sydney - City and Inner South,0,No change,1GSYD,Greater Sydney,1,New South Wales,AUS,Australia,66.117,193048.0,"CCS (Type 2), CHAdeMO",2.0,Evie,,0.0286,,,,coordinate_distance
Unknown,"200 Crown St, Wollongong NSW 2500",Evie,4,DC,50 kW,-34.423975,150.892316,Wollongong City Council,2500,ARENA - Driving the Nation,Operational,50.0,50.0,6.0,107,Illawarra,0,No change,1RNSW,Rest of NSW,1,New South Wales,AUS,Australia,1539.2408,131841.0,Unknown,0.0,(Business Owner at Location),Free,0.0642,,,,coordinate_distance
Unknown,"201 Manning River Drive, Taree, 2430",Evie,4,DC,150 kW,-31.94333438,152.4706146,Mid-Coast Council,2430,Existing Fast Chargers,Operational,150.0,150.0,7.0,108,Mid North Coast,0,No change,1RNSW,Rest of NSW,1,New South Wales,AUS,Australia,18851.4993,172652.0,"CCS (Type 2), CHAdeMO",4.0,Evie,$0.60/kWh,0.0106,,,,coordinate_distance
Unknown,"201 Sloane St, Goulburn , 2580",Tesla,16,DC,130 kW,-34.75552357,149.720998,Goulburn Mulwaree Council,2580,Existing Fast Chargers,Operational,130.0,130.0,0.0,101,Capital Region,0,No change,1RNSW,Rest of NSW,1,New South Wales,AUS,Australia,51896.2445,79851.0,CCS (Type 2),8.0,Tesla (Tesla-only charging),$0.52/kWh,0.0083,,,,coordinate_distance
Unknown,20-22 Camden Rd Campbelltown NSW 2560 Australia,Tesla,12,DC,175 kW,-34.0725934,150.8078816,Campbelltown City Council,2560,Fast Charging R1,Operational,175.0,175.0,22.0,123,Sydney - Outer South West,0,No change,1GSYD,Greater Sydney,1,New South Wales,AUS,Australia,1277.2421,266501.0,CCS (Type 2),12.0,Tesla (Tesla-only charging),$0.66/kWh,0.131,,,,coordinate_distance
Unknown,"205 Old Hume Hwy, Mittagong, 2575",Evie,4,DC,150 kW,-34.44672777,150.436991,Wingecarribee Shire Council,2575,Existing Fast Chargers,Operational,150.0,150.0,13.0,114,Southern Highlands and Shoalhaven,0,No change,1RNSW,Rest of NSW,1,New South Wales,AUS,Australia,6704.9619,161844.0,"CCS (Type 2), CHAdeMO",5.0,NRMA,Currently free but will be fee at some point for non NRMA Members.,0.6586,,,,coordinate_distance
Unknown,"2072 Camden Valley Way, Edmondson Park, NSW, 2174",Ampol,2,DC,125 kW,-33.9558559,150.8648944,Liverpool City Council,2174,ARENA - Driving the Nation,Operational,125.0,125.0,26.0,127,Sydney - South West,0,No change,1GSYD,Greater Sydney,1,New South Wales,AUS,Australia,540.2775,133760.0,Type 1 (J1772),4.0,ChargePoint,Free,0.9515,,,,coordinate_distance
Unknown,"2090 Broke Rd, Pokolbin, 2320",NRMA,4,DC,75 kW,-32.77342947,151.2982713,Cessnock City Council,2320,Existing Fast Chargers,Operational,75.0,75.0,5.0,106,Hunter Valley exc Newcastle,0,No change,1RNSW,Rest of NSW,1,New South Wales,AUS,Australia,21491.2923,,,,,,,,,,no_match
Unknown,"211 Lake Entrance Rd, Shellharbour City Centre, 2529",Ampol,10,DC,150 kW,-34.56639944,150.8394074,Shellharbour City Council,2529,Existing Fast Chargers,Operational,150.0,150.0,6.0,107,Illawarra,0,No change,1RNSW,Rest of NSW,1,New South Wales,AUS,Australia,1539.2408,131881.0,"Type 1 (J1772), Type 2 (Tethered Connector) ",2.0,ChargePoint,Free,0.3191,,,,coordinate_distance
Unknown,"22 Cook Ln, Sydney, 2223",JOLT,2,DC,25 kW,-33.9701502,151.0801331,Georges River Council,2223,Existing Fast Chargers,Operational,25.0,25.0,18.0,119,Sydney - Inner South West,0,No change,1GSYD,Greater Sydney,1,New South Wales,AUS,Australia,163.9273,,,,,,,,,,no_match
Unknown,"220 Taren Point Rd, Caringbah NSW 2229",Evie,4,DC,75 kW,-34.02927306,151.1220736,Sutherland Shire Council,2229,ARENA - Driving the Nation,Operational,75.0,75.0,27.0,128,Sydney - Sutherland,0,No change,1GSYD,Greater Sydney,1,New South Wales,AUS,Australia,295.8523,272635.0,"CCS (Type 2), CHAdeMO",2.0,Evie,,0.5008,,,,coordinate_distance
Unknown,"221 Wolseley St, Jamisontown NSW 2750",Evie,4,DC,350 kW,-33.770295,150.673823,Penrith City Council,2614,ARENA - Driving the Nation,Operational,350.0,350.0,23.0,124,Sydney - Outer West and Blue Mountains,0,No change,1GSYD,Greater Sydney,1,New South Wales,AUS,Australia,3968.1295,272693.0,"CCS (Type 2), CHAdeMO",2.0,Evie,,0.0134,,,,coordinate_distance
Unknown,"22-24 Park Ave, Sydney, 2134",JOLT,2,DC,25 kW,-33.87384989,151.1019449,Burwood Council,2134,Existing Fast Chargers,Operational,25.0,25.0,19.0,120,Sydney - Inner West,0,No change,1GSYD,Greater Sydney,1,New South Wales,AUS,Australia,64.5756,,,,,,,,,,no_match
Unknown,"224 Princes Hwy, Wollongong, 2519",BP,2,DC,75 kW,-34.40332537,150.8914635,Wollongong City Council,2519,Existing Fast Chargers,Operational,75.0,75.0,6.0,107,Illawarra,0,No change,1RNSW,Rest of NSW,1,New South Wales,AUS,Australia,1539.2408,273425.0,CCS (Type 2),2.0,BP Pulse (AU),55c/kWh,0.0379,,,,coordinate_distance
Unknown,"224 Prospect Hwy, Seven Hills NSW 2147",Evie,4,DC,150 kW,-33.77578997,150.9330864,Cumberland Council,2147,ARENA - Driving the Nation,Operational,150.0,150.0,15.0,116,Sydney - Blacktown,0,No change,1GSYD,Greater Sydney,1,New South Wales,AUS,Australia,240.8836,,,,,,,,,,no_match
Unknown,"2260 Camden Valley Way, Sydney, 2170",JOLT,2,DC,25 kW,-33.95800605,150.8864635,Liverpool City Council,2170,Existing Fast Chargers,Operational,25.0,25.0,26.0,127,Sydney - South West,0,No change,1GSYD,Greater Sydney,1,New South Wales,AUS,Australia,540.2775,,,,,,,,,,no_match
Unknown,"2260 Camden Valley Way, Sydney, 2170",JOLT,2,DC,25 kW,-33.9581552,150.8866296,Liverpool City Council,2170,Existing Fast Chargers,Operational,25.0,25.0,26.0,127,Sydney - South West,0,No change,1GSYD,Greater Sydney,1,New South Wales,AUS,Australia,540.2775,,,,,,,,,,no_match
Unknown,"227 Railway Terrace, Schofields NSW 2762",Evie,4,DC,50 kW,-33.705677,150.876075,Blacktown City Council,2762,ARENA - Driving the Nation,Operational,50.0,50.0,15.0,116,Sydney - Blacktown,0,No change,1GSYD,Greater Sydney,1,New South Wales,AUS,Australia,240.8836,191162.0,"CCS (Type 2), CHAdeMO",2.0,Evie,$0.40/kWh,0.0713,,,,coordinate_distance
Unknown,"228-234 Pacific Hwy, Swansea NSW, 2281",Everty,2,DC,25 kW,-33.09176581,151.6374214,Lake Macquarie City Council,2281,Existing Fast Chargers,Operational,25.0,25.0,10.0,111,Newcastle and Lake Macquarie,0,No change,1RNSW,Rest of NSW,1,New South Wales,AUS,Australia,870.5824,,,,,,,,,,no_match
Unknown,"2285 Pacific Hwy, Heatherbrae, 2324",Tesla,12,DC,130 kW,-32.78729434,151.7283534,Port Stephens Council,2324,Existing Fast Chargers,Operational,130.0,130.0,5.0,106,Hunter Valley exc Newcastle,0,No change,1RNSW,Rest of NSW,1,New South Wales,AUS,Australia,21491.2923,79490.0,CCS (Type 2),6.0,Tesla (Tesla-only charging),$0.52/kWh,0.0837,,,,coordinate_distance
Unknown,"230 Arden St, Sydney, 2034",JOLT,2,DC,50 kW,-33.92159464,151.2565566,Randwick City Council,2034,Existing Fast Chargers,Operational,50.0,50.0,17.0,118,Sydney - Eastern Suburbs,0,No change,1GSYD,Greater Sydney,1,New South Wales,AUS,Australia,57.7341,,,,,,,,,,no_match
Unknown,"2398 Pacific Hwy, Heatherbrae, 2324",BP,2,DC,75 kW,-32.78334139,151.7370591,Port Stephens Council,2324,Existing Fast Chargers,Operational,75.0,75.0,5.0,106,Hunter Valley exc Newcastle,0,No change,1RNSW,Rest of NSW,1,New South Wales,AUS,Australia,21491.2923,,,,,,,,,,no_match
Unknown,"24 Cooper St, Macksville, 2447",Evie,4,DC,350 kW,-30.71023028,152.9197698,Nambucca Valley Council,2447,Existing Fast Chargers,Operational,350.0,350.0,7.0,108,Mid North Coast,0,No change,1RNSW,Rest of NSW,1,New South Wales,AUS,Australia,18851.4993,190392.0,"CCS (Type 2), CHAdeMO",2.0,Evie,$0.60 per kWh,0.0293,,,,coordinate_distance
Unknown,"24 Sallys Corner Rd, Exeter , 2579",Tesla,6,DC,250 kW,-34.60929234,150.2297688,Wingecarribee Shire Council,2579,Existing Fast Chargers,Operational,250.0,250.0,13.0,114,Southern Highlands and Shoalhaven,0,No change,1RNSW,Rest of NSW,1,New South Wales,AUS,Australia,6704.9619,266620.0,CCS (Type 2),6.0,Tesla (Tesla-only charging),$0.66/kWh,0.0085,,,,coordinate_distance
Unknown,"240 Hillsborough Rd, Warners Bay NSW 2282",Evie,4,DC,150 kW,-32.96354505,151.6617414,Lake Macquarie City Council,2282,ARENA - Driving the Nation,Operational,150.0,150.0,10.0,111,Newcastle and Lake Macquarie,0,No change,1RNSW,Rest of NSW,1,New South Wales,AUS,Australia,870.5824,,,,,,,,,,no_match
Unknown,"241 Waterworth Dr, Mount Annan NSW 2567, Australia",Viva Energy Australia,4,DC,175 kW,-34.049425,150.7603383,Camden Council,2567,Fast Charging R2,Operational,175.0,175.0,22.0,123,Sydney - Outer South West,0,No change,1GSYD,Greater Sydney,1,New South Wales,AUS,Australia,1277.2421,,,,,,,,,,no_match
Unknown,"24-42 King Georges Rd, Sydney, 2195",BP,2,DC,75 kW,-33.91960065,151.0668519,Canterbury Bankstown Council,2195,Existing Fast Chargers,Operational,75.0,75.0,18.0,119,Sydney - Inner South West,0,No change,1GSYD,Greater Sydney,1,New South Wales,AUS,Australia,163.9273,273436.0,"CCS (Type 2), CHAdeMO",1.0,BP Pulse (AU),55c/kWh,0.0274,,,,coordinate_distance
Unknown,"247 Belmore Rd, Riverwood NSW 2210",Evie,4,DC,75 kW,-33.952562,151.05103,Georges River Council,2210,ARENA - Driving the Nation,Operational,75.0,75.0,18.0,119,Sydney - Inner South West,0,No change,1GSYD,Greater Sydney,1,New South Wales,AUS,Australia,163.9273,,,,,,,,,,no_match
Unknown,"25 Frenchs Forest Rd E, Frenchs Forest NSW 2086",Evie,4,DC,150 kW,-33.75133669,151.2434692,Northern Beaches Council,2086,ARENA - Driving the Nation,Operational,150.0,150.0,21.0,122,Sydney - Northern Beaches,0,No change,1GSYD,Greater Sydney,1,New South Wales,AUS,Australia,254.2073,272637.0,CCS (Type 2),4.0,Evie,,0.0135,,,,coordinate_distance
Unknown,"250 Comur St, Yass, 2582",Chargefox,4,DC,47 kW,-34.84551056,148.9151892,Yass Valley Council,2582,Existing Fast Chargers,Operational,47.0,47.0,0.0,101,Capital Region,0,No change,1RNSW,Rest of NSW,1,New South Wales,AUS,Australia,51896.2445,307990.0,CCS (Type 2),4.0,Chargefox,,0.0438,,,,coordinate_distance
Unknown,"253 Pacific Hwy, Coffs Harbour, 2450",Tesla,12,DC,130 kW,-30.28143948,153.1316667,Coffs Harbour City Council,2450,Existing Fast Chargers,Operational,130.0,130.0,3.0,104,Coffs Harbour - Grafton,0,No change,1RNSW,Rest of NSW,1,New South Wales,AUS,Australia,13229.7573,97619.0,CCS (Type 2),6.0,Tesla (Tesla-only charging),$0.52/kWh,0.0001,,,,coordinate_distance
Unknown,"25-47 Ocean St, Sydney, 2101",JOLT,2,DC,25 kW,-33.71943448,151.2986617,Northern Beaches Council,2101,Existing Fast Chargers,Operational,25.0,25.0,21.0,122,Sydney - Northern Beaches,0,No change,1GSYD,Greater Sydney,1,New South Wales,AUS,Australia,254.2073,,,,,,,,,,no_match
Unknown,"26 Aspect Dr, Coffs Harbour, 2450",Tesla,4,DC,60 kW,-30.27522227,153.1319389,Coffs Harbour City Council,2450,Existing Fast Chargers,Operational,60.0,60.0,3.0,104,Coffs Harbour - Grafton,0,No change,1RNSW,Rest of NSW,1,New South Wales,AUS,Australia,13229.7573,474459.0,CCS (Type 2),16.0,(Unknown Operator),,0.1362,,,,coordinate_distance
Unknown,"26 Bent St, Sydney, 2137",Evie,2,DC,75 kW,-33.85437842,151.103997,"Canada Bay Council, City of",2137,Existing Fast Chargers,Operational,75.0,75.0,19.0,120,Sydney - Inner West,0,No change,1GSYD,Greater Sydney,1,New South Wales,AUS,Australia,64.5756,,,,,,,,,,no_match
Unknown,"26 Neilly St, Walgett, NSW 2832, Australia",NRMA,2,DC,75 kW,-28.8659158,153.0485564,Walgett Shire Council,2337,TfNSW Regional,Operational,75.0,75.0,11.0,112,Richmond - Tweed,0,No change,1RNSW,Rest of NSW,1,New South Wales,AUS,Australia,10271.3204,260392.0,"CCS (Type 2), CHAdeMO",2.0,NRMA,,0.0294,,,,coordinate_distance
Unknown,"260 Jersey Rd, Plumpton NSW 2761",Evie,4,DC,75 kW,-33.7459827,150.8357299,Blacktown City Council,2761,ARENA - Driving the Nation,Operational,75.0,75.0,15.0,116,Sydney - Blacktown,0,No change,1GSYD,Greater Sydney,1,New South Wales,AUS,Australia,240.8836,,,,,,,,,,no_match
Unknown,"260A Liverpool Rd, Ashfield NSW 2131",Evie,4,DC,50 kW,-33.889564,151.123599,Inner West Council,2131,ARENA - Driving the Nation,Operational,50.0,50.0,19.0,120,Sydney - Inner West,0,No change,1GSYD,Greater Sydney,1,New South Wales,AUS,Australia,64.5756,272641.0,"CCS (Type 2), CHAdeMO",2.0,Evie,,0.0,,,,coordinate_distance
Unknown,"27-33 Oaks Ave, Dee Why NSW 2099",Evie,4,DC,150 kW,-33.75442135,151.2873331,Northern Beaches Council,2099,ARENA - Driving the Nation,Operational,150.0,150.0,21.0,122,Sydney - Northern Beaches,0,No change,1GSYD,Greater Sydney,1,New South Wales,AUS,Australia,254.2073,128195.0,"Type 1 (J1772), Tesla (Model S/X), Type 2 (Socket Only)",2.0,ChargePoint,Free,0.4645,,,,coordinate_distance
Unknown,"28 Auburn Street, Moree, NSW 2400, Australia",NRMA,2,DC,50 kW,-35.3548636,145.725081,Moree Plains Shire Council,2716,TfNSW Regional,Operational,50.0,50.0,8.0,109,Murray,0,No change,1RNSW,Rest of NSW,1,New South Wales,AUS,Australia,97796.4912,190915.0,"CCS (Type 2), CHAdeMO",1.0,NRMA,FREE,0.0416,,,,coordinate_distance
Unknown,"28 Lawson St, Byron Bay, 2481",EVUp,2,DC,100 kW,-28.64327432,153.6158749,Byron Shire Council,2481,Existing Fast Chargers,Operational,100.0,100.0,11.0,112,Richmond - Tweed,0,No change,1RNSW,Rest of NSW,1,New South Wales,AUS,Australia,10271.3204,273195.0,"CCS (Type 2), CHAdeMO",1.0,Chargefox,$0.40 per kWh,0.0185,,,,coordinate_distance
Unknown,"2-8 Turramurra Ave, Sydney, 2074",Evie,4,DC,75 kW,-33.7323514,151.1307097,Ku-ring-gai Council,2074,Existing Fast Chargers,Operational,75.0,75.0,20.0,121,Sydney - North Sydney and Hornsby,0,No change,1GSYD,Greater Sydney,1,New South Wales,AUS,Australia,275.0992,,,,,,,,,,no_match
Unknown,"2848 Pacific Hwy, Tyndale NSW, 2464",Evie,4,DC,350 kW,-29.56122927,153.1492773,Clarence Valley Council,2464,Existing Fast Chargers,Operational,350.0,350.0,3.0,104,Coffs Harbour - Grafton,0,No change,1RNSW,Rest of NSW,1,New South Wales,AUS,Australia,13229.7573,190224.0,"CCS (Type 2), CHAdeMO",2.0,Evie,$0.60,0.0634,,,,coordinate_distance
Unknown,"29 Windsor Rd, Sydney, 2155",JOLT,2,DC,25 kW,-33.71252457,150.9583413,The Hills Shire Council,2155,Existing Fast Chargers,Operational,25.0,25.0,14.0,115,Sydney - Baulkham Hills and Hawkesbury,0,No change,1GSYD,Greater Sydney,1,New South Wales,AUS,Australia,3251.4981,,,,,,,,,,no_match
Unknown,"293 Belmore Rd, Sydney, 2210",JOLT,2,DC,25 kW,-33.95077182,151.051971,Georges River Council,2210,Existing Fast Chargers,Operational,25.0,25.0,18.0,119,Sydney - Inner South West,0,No change,1GSYD,Greater Sydney,1,New South Wales,AUS,Australia,163.9273,,,,,,,,,,no_match
Unknown,"29-55 Twynam St, Narrandera, 2700",NRMA,4,DC,180 kW,-34.74649754,146.5500761,Narrandera Shire Council,2700,Existing Fast Chargers,Operational,180.0,180.0,12.0,113,Riverina,0,No change,1RNSW,Rest of NSW,1,New South Wales,AUS,Australia,56984.9808,126130.0,"CHAdeMO, CCS (Type 2)",1.0,NRMA,$0.66/kWh,0.0169,,,,coordinate_distance
Unknown,"29-55 Twynam St, Narrandera, 2700",NRMA,2,DC,50 kW,-34.74651756,146.548011,Narrandera Shire Council,2700,Existing Fast Chargers,Operational,50.0,50.0,12.0,113,Riverina,0,No change,1RNSW,Rest of NSW,1,New South Wales,AUS,Australia,56984.9808,126130.0,"CHAdeMO, CCS (Type 2)",1.0,NRMA,$0.66/kWh,0.2037,,,,coordinate_distance
Unknown,"2A Beach Rd, Batemans Bay, 2536",NRMA,2,DC,50 kW,-35.70851156,150.1753874,Eurobodalla Shire Council,2536,Existing Fast Chargers,Operational,50.0,50.0,0.0,101,Capital Region,0,No change,1RNSW,Rest of NSW,1,New South Wales,AUS,Australia,51896.2445,157566.0,"CCS (Type 2), CHAdeMO",1.0,NRMA,,0.0129,,,,coordinate_distance
Unknown,"3 Broomfield St, Cobar, NSW 2835, Australia",NRMA,2,DC,50 kW,-30.08825,145.9351051,Cobar Shire Council,2840,TfNSW Regional,Operational,50.0,50.0,4.0,105,Far West and Orana,0,No change,1RNSW,Rest of NSW,1,New South Wales,AUS,Australia,339355.6495,190681.0,"CCS (Type 2), CHAdeMO",1.0,NRMA,"Free currently, join NRMA as a thank you.",0.0005,,,,coordinate_distance
Unknown,"3 Bungendore Rd, Queanbeyan NSW 2620",Evie,4,DC,75 kW,-35.34739722,149.2454031,Queanbeyan-Palerang Regional Council,2620,ARENA - Driving the Nation,Operational,75.0,75.0,0.0,101,Capital Region,0,No change,1RNSW,Rest of NSW,1,New South Wales,AUS,Australia,51896.2445,,,,,,,,,,no_match
Unknown,"3 Corkhill Pl, Bega, 2550",Chargefox,2,DC,42 kW,-36.6972593,149.8418629,Bega Valley Shire Council,2550,Existing Fast Chargers,Operational,42.0,42.0,0.0,101,Capital Region,0,No change,1RNSW,Rest of NSW,1,New South Wales,AUS,Australia,51896.2445,,,,,,,,,,no_match
Unknown,"3 George St, North Strathfield NSW 2137",Evie,4,DC,75 kW,-33.86390159,151.0894518,Strathfield Municipal Council,2137,ARENA - Driving the Nation,Operational,75.0,75.0,19.0,120,Sydney - Inner West,0,No change,1GSYD,Greater Sydney,1,New South Wales,AUS,Australia,64.5756,,,,,,,,,,no_match
Unknown,"3 Leisure Dr, Tweed Heads, 2486",Evie,4,DC,75 kW,-28.21510115,153.5404384,Tweed Shire Council,2486,Existing Fast Chargers,Operational,75.0,75.0,11.0,112,Richmond - Tweed,0,No change,1RNSW,Rest of NSW,1,New South Wales,AUS,Australia,10271.3204,,,,,,,,,,no_match
Unknown,"30 Dowling St, Sydney, 2096",JOLT,2,DC,25 kW,-33.77897702,151.2838899,Northern Beaches Council,2096,Existing Fast Chargers,Operational,25.0,25.0,21.0,122,Sydney - Northern Beaches,0,No change,1GSYD,Greater Sydney,1,New South Wales,AUS,Australia,254.2073,,,,,,,,,,no_match
Unknown,"302-312 Parramatta Rd, Sydney, 2134",JOLT,2,DC,25 kW,-33.86942247,151.108024,Burwood Council,2134,Existing Fast Chargers,Operational,25.0,25.0,19.0,120,Sydney - Inner West,0,No change,1GSYD,Greater Sydney,1,New South Wales,AUS,Australia,64.5756,,,,,,,,,,no_match
Unknown,"303 Henry Parry Dr, Central Coast, 2250",Chargefox,2,DC,60 kW,-33.40941346,151.3507447,Central Coast Council,2250,Existing Fast Chargers,Operational,60.0,60.0,1.0,102,Central Coast,0,No change,1GSYD,Greater Sydney,1,New South Wales,AUS,Australia,1681.009,508148.0,"CCS (Type 2), CHAdeMO",6.0,BP Pulse (AU),55c/kWh,0.1602,,,,coordinate_distance
Unknown,"30-36 Sharp St, Cooma, 2630",Tesla,10,DC,250 kW,-36.23294099,149.1322903,Snowy Monaro Regional Council,2630,Existing Fast Chargers,Operational,250.0,250.0,0.0,101,Capital Region,0,No change,1RNSW,Rest of NSW,1,New South Wales,AUS,Australia,51896.2445,90199.0,CCS (Type 2),4.0,Tesla (Tesla-only charging),AUD 0.42/kWh;other tariffs for older cars,0.5704,,,,coordinate_distance
Unknown,"30A Richland St, Sydney, 2208",Exploren,2,DC,120 kW,-33.93524029,151.0986717,Canterbury Bankstown Council,2208,Existing Fast Chargers,Operational,120.0,120.0,18.0,119,Sydney - Inner South West,0,No change,1GSYD,Greater Sydney,1,New South Wales,AUS,Australia,163.9273,,,,,,,,,,no_match
Unknown,"31 Treacy St, Sydney, 2220",JOLT,2,DC,25 kW,-33.96786191,151.1060561,Georges River Council,2220,Existing Fast Chargers,Operational,25.0,25.0,18.0,119,Sydney - Inner South West,0,No change,1GSYD,Greater Sydney,1,New South Wales,AUS,Australia,163.9273,,,,,,,,,,no_match
Unknown,"316 Victoria Rd, Sydney, 2116",Exploren,2,DC,120 kW,-33.81024029,151.0342402,"Parramatta, Council of the City of",2116,Existing Fast Chargers,Operational,120.0,120.0,24.0,125,Sydney - Parramatta,0,No change,1GSYD,Greater Sydney,1,New South Wales,AUS,Australia,162.8356,168913.0,Unknown,1.0,(Business Owner at Location),,0.2433,,,,coordinate_distance
Unknown,"32 Sydney St, Tarcutta, 2652",Evie,4,DC,350 kW,-35.2771512,147.7360881,Wagga Wagga City Council,2652,Existing Fast Chargers,Operational,350.0,350.0,12.0,113,Riverina,0,No change,1RNSW,Rest of NSW,1,New South Wales,AUS,Australia,56984.9808,190351.0,"CCS (Type 2), CHAdeMO",2.0,Evie,65c per kwH energy consumed.,0.0046,,,,coordinate_distance
Unknown,"320 Princes Hwy, Bomaderry, 2541",Chargefox,4,DC,47 kW,-34.84356861,150.5955365,Shoalhaven City Council,2541,Existing Fast Chargers,Operational,47.0,47.0,13.0,114,Southern Highlands and Shoalhaven,0,No change,1RNSW,Rest of NSW,1,New South Wales,AUS,Australia,6704.9619,191467.0,Type 2 (Socket Only),4.0,Chargefox,FREE,0.0773,,,,coordinate_distance
Unknown,"322 Woodville Rd, Guildford NSW 2161",Evie,4,DC,50 kW,-33.8521028,150.9955836,Cumberland Council,2161,ARENA - Driving the Nation,Operational,50.0,50.0,24.0,125,Sydney - Parramatta,0,No change,1GSYD,Greater Sydney,1,New South Wales,AUS,Australia,162.8356,272700.0,"CCS (Type 2), CHAdeMO",2.0,Evie,,0.083,,,,coordinate_distance
Unknown,"328 Main Rd, Newcastle, 2285",BP,4,DC,150 kW,-32.93782987,151.6567367,Lake Macquarie City Council,2285,Existing Fast Chargers,Operational,150.0,150.0,10.0,111,Newcastle and Lake Macquarie,0,No change,1RNSW,Rest of NSW,1,New South Wales,AUS,Australia,870.5824,,,,,,,,,,no_match
Unknown,"329-339 Princes Hwy, Sydney, 2044",BP,2,DC,75 kW,-33.91611516,151.1728939,Inner West Council,2044,Existing Fast Chargers,Operational,75.0,75.0,16.0,117,Sydney - City and Inner South,0,No change,1GSYD,Greater Sydney,1,New South Wales,AUS,Australia,66.117,273427.0,CCS (Type 2),2.0,BP Pulse (AU),55c/kWh,0.0259,,,,coordinate_distance
Unknown,"33 Moate St, Newcastle, 2298",Chargefox,2,DC,60 kW,-32.90870375,151.7304655,Newcastle City Council,2298,Existing Fast Chargers,Operational,60.0,60.0,10.0,111,Newcastle and Lake Macquarie,0,No change,1RNSW,Rest of NSW,1,New South Wales,AUS,Australia,870.5824,,,,,,,,,,no_match
Unknown,"330 Pennant Hills Rd, Pennant Hills NSW 2120",Evie,2,DC,50 kW,-33.7366211,151.0743388,"Hornsby, The Council of the Shire of",2120,ARENA - Driving the Nation,Operational,50.0,50.0,25.0,126,Sydney - Ryde,0,No change,1GSYD,Greater Sydney,1,New South Wales,AUS,Australia,69.3368,272622.0,CCS (Type 2),2.0,Chargefox,$0.60/kWh,0.0,,,,coordinate_distance
Unknown,"34 Annie Pyers Dr, Gundagai , 2722",Tesla,12,DC,130 kW,-35.00212117,148.1098549,Cootamundra-gundagai Regional Council,2722,Existing Fast Chargers,Operational,130.0,130.0,12.0,113,Riverina,0,No change,1RNSW,Rest of NSW,1,New South Wales,AUS,Australia,56984.9808,79760.0,CCS (Type 2),6.0,Tesla (Tesla-only charging),$0.52/kWh,0.0074,,,,coordinate_distance
Unknown,"342 Kanahooka Rd, Brownsville, NSW, 2530",Ampol,2,DC,125 kW,-34.4859664,150.8064594,Wollongong City Council,2530,ARENA - Driving the Nation,Operational,125.0,125.0,6.0,107,Illawarra,0,No change,1RNSW,Rest of NSW,1,New South Wales,AUS,Australia,1539.2408,,,,,,,,,,no_match
Unknown,"345 Victoria Ave, Chatswood NSW 2067",Engie,2,DC,150 kW,-33.7945647,151.18613,Willoughby City Council,2067,ARENA - Driving the Nation,Operational,150.0,150.0,20.0,121,Sydney - North Sydney and Hornsby,0,No change,1GSYD,Greater Sydney,1,New South Wales,AUS,Australia,275.0992,266872.0,CCS (Type 2),2.0,Chargefox,$0.45/kWh,0.0679,,,,coordinate_distance
Unknown,"345 Victoria Ave, Sydney, 2067",Chargefox,2,DC,150 kW,-33.79304309,151.1865576,Willoughby City Council,2067,Existing Fast Chargers,Operational,150.0,150.0,20.0,121,Sydney - North Sydney and Hornsby,0,No change,1GSYD,Greater Sydney,1,New South Wales,AUS,Australia,275.0992,266872.0,CCS (Type 2),2.0,Chargefox,$0.45/kWh,0.231,,,,coordinate_distance
Unknown,"3483 Jerrys Plains Rd, Jerrys Plains, 2330",Tesla,12,DC,130 kW,-32.44806211,150.8316627,Muswellbrook Shire Council,2330,Existing Fast Chargers,Operational,130.0,130.0,5.0,106,Hunter Valley exc Newcastle,0,No change,1RNSW,Rest of NSW,1,New South Wales,AUS,Australia,21491.2923,129982.0,CCS (Type 2),6.0,Tesla (including non-tesla),$0.52/kWh,0.0996,,,,coordinate_distance
Unknown,"3-5 Underwood Rd, Homebush NSW 2140",Engie,2,DC,150 kW,-33.8556219,151.0767955,Strathfield Municipal Council,2140,ARENA - Driving the Nation,Operational,150.0,150.0,19.0,120,Sydney - Inner West,0,No change,1GSYD,Greater Sydney,1,New South Wales,AUS,Australia,64.5756,272618.0,CCS (Type 2),2.0,Chargefox,$0.45/kWh,0.0117,,,,coordinate_distance
Unknown,"368 Anzac Pde, Sydney, 2032",BP,2,DC,75 kW,-33.91983588,151.226974,Randwick City Council,2032,Existing Fast Chargers,Operational,75.0,75.0,17.0,118,Sydney - Eastern Suburbs,0,No change,1GSYD,Greater Sydney,1,New South Wales,AUS,Australia,57.7341,,,,,,,,,,no_match
Unknown,"37 Nabiac St, Nabiac, 2312",NRMA,2,DC,50 kW,-32.09907112,152.3815746,Mid-Coast Council,2312,Existing Fast Chargers,Operational,50.0,50.0,7.0,108,Mid North Coast,0,No change,1RNSW,Rest of NSW,1,New South Wales,AUS,Australia,18851.4993,161993.0,"CCS (Type 2), CHAdeMO",4.0,NRMA,$0.74/kWh,0.0201,,,,coordinate_distance
Unknown,"375-383 Windsor Rd, Sydney, 2153",Tesla,4,DC,250 kW,-33.75869074,150.9914705,The Hills Shire Council,2153,Existing Fast Chargers,Operational,250.0,250.0,14.0,115,Sydney - Baulkham Hills and Hawkesbury,0,No change,1GSYD,Greater Sydney,1,New South Wales,AUS,Australia,3251.4981,,,,,,,,,,no_match
Unknown,"38 Abbott Rd, Seven Hills NSW 2147",Ampol,2,DC,125 kW,-33.7668115,150.9549656,Blacktown City Council,2147,ARENA - Driving the Nation,Operational,125.0,125.0,15.0,116,Sydney - Blacktown,0,No change,1GSYD,Greater Sydney,1,New South Wales,AUS,Australia,240.8836,170607.0,CCS (Type 2),2.0,Evie,$0.60 per kWh,0.0329,,,,coordinate_distance
Unknown,"38 Flora St, Sydney, 2232",Chargefox,4,DC,47 kW,-34.03434039,151.0726517,Sutherland Shire Council,2232,Existing Fast Chargers,Operational,47.0,47.0,27.0,128,Sydney - Sutherland,0,No change,1GSYD,Greater Sydney,1,New South Wales,AUS,Australia,295.8523,191052.0,Type 2 (Socket Only),4.0,Chargefox,FREE,0.0719,,,,coordinate_distance
Unknown,"38 Swift St, Holbrook, 2644",Tesla,9,DC,250 kW,-35.72254759,147.3175105,Greater Hume Shire Council,2644,Existing Fast Chargers,Operational,250.0,250.0,8.0,109,Murray,0,No change,1RNSW,Rest of NSW,1,New South Wales,AUS,Australia,97796.4912,296044.0,CCS (Type 2),1.0,Tesla (Tesla-only charging),$0.69 / kWh,0.0492,,,,coordinate_distance
Unknown,"3A Cowell St, Sydney, 2111",Evie,2,DC,75 kW,-33.83281286,151.1277918,"Hunters Hill, The Council of the Municipality of",2111,Existing Fast Chargers,Operational,75.0,75.0,25.0,126,Sydney - Ryde,0,No change,1GSYD,Greater Sydney,1,New South Wales,AUS,Australia,69.3368,,,,,,,,,,no_match
Unknown,"4 Defries Ave, Sydney, 2017",Ampol,6,DC,150 kW,-33.90556061,151.2126807,"Sydney, Council of the City of",2017,Existing Fast Chargers,Operational,150.0,150.0,16.0,117,Sydney - City and Inner South,0,No change,1GSYD,Greater Sydney,1,New South Wales,AUS,Australia,66.117,272616.0,"CCS (Type 2), CHAdeMO",4.0,Chargefox,$0.45 - $0.60/kWh,0.0118,,,,coordinate_distance
Unknown,"4 Tindall St, Sydney, 2560",Evie,4,DC,150 kW,-34.07206311,150.8051261,Campbelltown City Council,2560,Existing Fast Chargers,Operational,150.0,150.0,22.0,123,Sydney - Outer South West,0,No change,1GSYD,Greater Sydney,1,New South Wales,AUS,Australia,1277.2421,299879.0,"CCS (Type 2), CHAdeMO",1.0,Chargefox,$0.60/kWh,0.1944,,,,coordinate_distance
Unknown,"40 Gouldsbury St, Sydney, 2088",Evie,2,DC,75 kW,-33.82807512,151.2434454,Mosman Municipal Council,2088,Existing Fast Chargers,Operational,75.0,75.0,20.0,121,Sydney - North Sydney and Hornsby,0,No change,1GSYD,Greater Sydney,1,New South Wales,AUS,Australia,275.0992,191164.0,"CHAdeMO, CCS (Type 2)",1.0,Evie,$0.40/kWh,0.345,,,,coordinate_distance
Unknown,"40 Jersey Rd, Sydney, 2770",Chargefox,2,DC,160 kW,-33.74376581,150.809028,Blacktown City Council,2770,Existing Fast Chargers,Operational,160.0,160.0,15.0,116,Sydney - Blacktown,0,No change,1GSYD,Greater Sydney,1,New South Wales,AUS,Australia,240.8836,,,,,,,,,,no_match
Unknown,"40 Panmure St, Sydney, 2155",JOLT,2,DC,25 kW,-33.68328033,150.9165856,The Hills Shire Council,2155,Existing Fast Chargers,Operational,25.0,25.0,14.0,115,Sydney - Baulkham Hills and Hawkesbury,0,No change,1GSYD,Greater Sydney,1,New South Wales,AUS,Australia,3251.4981,,,,,,,,,,no_match
Unknown,"401 Cabramatta Rd W, Cabramatta NSW 2166",Evie,4,DC,50 kW,-33.898778,150.919791,Fairfield City Council,2166,ARENA - Driving the Nation,Operational,50.0,50.0,26.0,127,Sydney - South West,0,No change,1GSYD,Greater Sydney,1,New South Wales,AUS,Australia,540.2775,191161.0,"CCS (Type 2), CHAdeMO",2.0,Evie,$0.40/kWh,0.0143,,,,coordinate_distance
Unknown,"403 Tarean Rd, Karuah, 2324",Chargefox,6,DC,185 kW,-32.6538509,151.9625806,Port Stephens Council,2324,Existing Fast Chargers,Operational,185.0,185.0,5.0,106,Hunter Valley exc Newcastle,0,No change,1RNSW,Rest of NSW,1,New South Wales,AUS,Australia,21491.2923,172919.0,"CCS (Type 2), CHAdeMO",3.0,Chargefox,$0.45 - $0.60/kWh,0.0237,,,,coordinate_distance
Unknown,"405 Pacific Hwy, Sydney, 2064",Chargefox,2,DC,50 kW,-33.81391396,151.1777027,Willoughby City Council,2064,Existing Fast Chargers,Operational,50.0,50.0,20.0,121,Sydney - North Sydney and Hornsby,0,No change,1GSYD,Greater Sydney,1,New South Wales,AUS,Australia,275.0992,191165.0,"CCS (Type 2), CHAdeMO",2.0,Evie,$0.40/kWh,0.7785,,,,coordinate_distance
Unknown,"41 Bruxner Hwy, Ballina, 2478",BP,2,DC,75 kW,-28.86161666,153.5169069,Ballina Shire Council,2478,Existing Fast Chargers,Operational,75.0,75.0,11.0,112,Richmond - Tweed,0,No change,1RNSW,Rest of NSW,1,New South Wales,AUS,Australia,10271.3204,,,,,,,,,,no_match
Unknown,"41 Yobarnie Ave, Richmond, 2754",Exploren,2,DC,180 kW,-33.58328633,150.7009239,Hawkesbury City Council,2754,Existing Fast Chargers,Operational,180.0,180.0,23.0,124,Sydney - Outer West and Blue Mountains,0,No change,1GSYD,Greater Sydney,1,New South Wales,AUS,Australia,3968.1295,,,,,,,,,,no_match
Unknown,"417-439 Bunnerong Rd, Sydney, 2035",Chargefox,8,DC,25 kW,-33.95139644,151.232049,Randwick City Council,2035,Existing Fast Chargers,Operational,25.0,25.0,17.0,118,Sydney - Eastern Suburbs,0,No change,1GSYD,Greater Sydney,1,New South Wales,AUS,Australia,57.7341,,,,,,,,,,no_match
Unknown,"42 Camden Rd, Sydney, 2560",Chargefox,4,DC,200 kW,-34.07161666,150.8059289,Campbelltown City Council,2560,Existing Fast Chargers,Operational,200.0,200.0,22.0,123,Sydney - Outer South West,0,No change,1GSYD,Greater Sydney,1,New South Wales,AUS,Australia,1277.2421,299879.0,"CCS (Type 2), CHAdeMO",1.0,Chargefox,$0.60/kWh,0.1076,,,,coordinate_distance
Unknown,"44 Bangalow Rd, Ballina, 2478",Chargefox,4,DC,120 kW,-28.85743948,153.5614054,Ballina Shire Council,2478,Existing Fast Chargers,Operational,120.0,120.0,11.0,112,Richmond - Tweed,0,No change,1RNSW,Rest of NSW,1,New South Wales,AUS,Australia,10271.3204,190225.0,"CCS (Type 2), CHAdeMO",3.0,Chargefox,"Ultra-Rapid: $0.60/kWh, Rapid: $0.40/kWh",0.0352,,,,coordinate_distance
Unknown,"44 Broadarrow Rd, Sydney, 2209",JOLT,2,DC,25 kW,-33.94841746,151.0710831,Georges River Council,2209,Existing Fast Chargers,Operational,25.0,25.0,18.0,119,Sydney - Inner South West,0,No change,1GSYD,Greater Sydney,1,New South Wales,AUS,Australia,163.9273,,,,,,,,,,no_match
Unknown,"44 Molesworth St, Lismore, 2480",Chargefox,2,DC,75 kW,-28.80654859,153.2786376,Lismore City Council,2480,Existing Fast Chargers,Operational,75.0,75.0,11.0,112,Richmond - Tweed,0,No change,1RNSW,Rest of NSW,1,New South Wales,AUS,Australia,10271.3204,273220.0,"CCS (Type 2), CHAdeMO",1.0,Chargefox,$0.50 per kWh,0.0312,,,,coordinate_distance
Unknown,"455 George St, Sydney, 2000",Exploren,2,DC,60 kW,-33.87152357,151.2067017,"Sydney, Council of the City of",2000,Existing Fast Chargers,Operational,60.0,60.0,16.0,117,Sydney - City and Inner South,0,No change,1GSYD,Greater Sydney,1,New South Wales,AUS,Australia,66.117,54547.0,Tesla (Model S/X),2.0,Tesla (Tesla-only charging),Free,0.2774,,,,coordinate_distance
Unknown,"4-6 New St, Lawson NSW 2783",Evie,4,DC,50 kW,-33.720695,150.429727,Blue Mountains City Council,2783,ARENA - Driving the Nation,Operational,50.0,50.0,23.0,124,Sydney - Outer West and Blue Mountains,0,No change,1GSYD,Greater Sydney,1,New South Wales,AUS,Australia,3968.1295,266540.0,"CCS (Type 2), CHAdeMO",2.0,Evie,$0.45 per kWh. ,0.0018,,,,coordinate_distance
Unknown,"4-6 Niangala Cl, Belrose NSW 2085",Evie,4,DC,50 kW,-33.703313,151.213158,Northern Beaches Council,2085,ARENA - Driving the Nation,Operational,50.0,50.0,21.0,122,Sydney - Northern Beaches,0,No change,1GSYD,Greater Sydney,1,New South Wales,AUS,Australia,254.2073,272633.0,"CCS (Type 2), CHAdeMO",2.0,Evie,,0.0311,,,,coordinate_distance
Unknown,"461 Victoria Rd, Sydney, 2111",Exploren,2,DC,120 kW,-33.8208589,151.121011,"Ryde, Council of the City of",2111,Existing Fast Chargers,Operational,120.0,120.0,25.0,126,Sydney - Ryde,0,No change,1GSYD,Greater Sydney,1,New South Wales,AUS,Australia,69.3368,,,,,,,,,,no_match
Unknown,"472 Pacific Hwy, Sydney, 2066",JOLT,2,DC,25 kW,-33.80837842,151.1785636,Lane Cove Municipal Council,2066,Existing Fast Chargers,Operational,25.0,25.0,20.0,121,Sydney - North Sydney and Hornsby,0,No change,1GSYD,Greater Sydney,1,New South Wales,AUS,Australia,275.0992,,,,,,,,,,no_match
Unknown,"47-49A Cleary St, Newcastle, 2303",Chargefox,2,DC,60 kW,-32.92120425,151.747975,Newcastle City Council,2303,Existing Fast Chargers,Operational,60.0,60.0,10.0,111,Newcastle and Lake Macquarie,0,No change,1RNSW,Rest of NSW,1,New South Wales,AUS,Australia,870.5824,,,,,,,,,,no_match
Unknown,"481 Princes Hwy, Sydney, 2232",Ampol,2,DC,150 kW,-34.02936741,151.0807237,Sutherland Shire Council,2232,Existing Fast Chargers,Operational,150.0,150.0,27.0,128,Sydney - Sutherland,0,No change,1GSYD,Greater Sydney,1,New South Wales,AUS,Australia,295.8523,191280.0,CCS (Type 2),6.0,Tesla (Tesla-only charging),$0.52/kWh,0.7525,,,,coordinate_distance
Unknown,"487 Sydney Rd, Sydney, 2093",BP,2,DC,75 kW,-33.7953594,151.255969,Northern Beaches Council,2093,Existing Fast Chargers,Operational,75.0,75.0,21.0,122,Sydney - Northern Beaches,0,No change,1GSYD,Greater Sydney,1,New South Wales,AUS,Australia,254.2073,,,,,,,,,,no_match
Unknown,"5 Ray St, Sydney, 2074",Exploren,2,DC,40 kW,-33.73201706,151.1273493,Ku-ring-gai Council,2074,Existing Fast Chargers,Operational,40.0,40.0,20.0,121,Sydney - North Sydney and Hornsby,0,No change,1GSYD,Greater Sydney,1,New South Wales,AUS,Australia,275.0992,,,,,,,,,,no_match
Unknown,"5 Willowdale Dr, Denham Court NSW 2565",Evie,4,DC,75 kW,-33.97585397,150.811619,Campbelltown City Council,2565,ARENA - Driving the Nation,Operational,75.0,75.0,22.0,123,Sydney - Outer South West,0,No change,1GSYD,Greater Sydney,1,New South Wales,AUS,Australia,1277.2421,,,,,,,,,,no_match
Unknown,"50 Bathurst St, Brewarrina, NSW 2839, Australia",NRMA,4,DC,75 kW,-30.3247856,149.784033,Brewarrina Shire Council,2390,TfNSW Regional,Operational,75.0,75.0,9.0,110,New England and North West,0,No change,1RNSW,Rest of NSW,1,New South Wales,AUS,Australia,99139.9014,,,,,,,,,,no_match
Unknown,"50 O'Sullivan Rd, Sydney, 2029",Chargefox,2,DC,40 kW,-33.87899704,151.2623363,Woollahra Municipal Council,2029,Existing Fast Chargers,Operational,40.0,40.0,17.0,118,Sydney - Eastern Suburbs,0,No change,1GSYD,Greater Sydney,1,New South Wales,AUS,Australia,57.7341,,,,,,,,,,no_match
Unknown,"516 Punchbowl Rd Cnr Wangee Rd, Lakemba, NSW, 2195",Ampol,2,DC,125 kW,-33.911492,151.0732469,Canterbury Bankstown Council,2195,ARENA - Driving the Nation,Operational,125.0,125.0,18.0,119,Sydney - Inner South West,0,No change,1GSYD,Greater Sydney,1,New South Wales,AUS,Australia,163.9273,,,,,,,,,,no_match
Unknown,"528 John Oxley Dr, Thrumster, 2444",NRMA,2,DC,50 kW,-31.45803208,152.8274244,Port Macquarie-Hastings Council,2444,Existing Fast Chargers,Operational,50.0,50.0,7.0,108,Mid North Coast,0,No change,1RNSW,Rest of NSW,1,New South Wales,AUS,Australia,18851.4993,172920.0,CCS (Type 2),2.0,NRMA,$0.64/kWh,0.0279,,,,coordinate_distance
Unknown,"53 Sydney Rd, Goulburn, 2580",Chargefox,2,DC,50 kW,-34.74796201,149.7496456,Goulburn Mulwaree Council,2580,Existing Fast Chargers,Operational,50.0,50.0,0.0,101,Capital Region,0,No change,1RNSW,Rest of NSW,1,New South Wales,AUS,Australia,51896.2445,190003.0,CCS (Type 2),4.0,NRMA,$0.64 / kWh,0.0085,,,,coordinate_distance
Unknown,"53A Orient St, Batemans Bay, 2536",Evie,2,DC,50 kW,-35.71073278,150.1776366,Eurobodalla Shire Council,2536,Existing Fast Chargers,Operational,50.0,50.0,0.0,101,Capital Region,0,No change,1RNSW,Rest of NSW,1,New South Wales,AUS,Australia,51896.2445,190706.0,"CCS (Type 2), CHAdeMO",1.0,Evie,50c per kWh energy consumed.,0.0896,,,,coordinate_distance
Unknown,"54 Brighton St, Sydney, 2132",JOLT,2,DC,25 kW,-33.89474579,151.1096857,Burwood Council,2132,Existing Fast Chargers,Operational,25.0,25.0,19.0,120,Sydney - Inner West,0,No change,1GSYD,Greater Sydney,1,New South Wales,AUS,Australia,64.5756,,,,,,,,,,no_match
Unknown,"54 Minjungbal Dr, Tweed Heads, 2486",Evie,4,DC,150 kW,-28.19898503,153.545985,Tweed Shire Council,2486,Existing Fast Chargers,Operational,150.0,150.0,11.0,112,Richmond - Tweed,0,No change,1RNSW,Rest of NSW,1,New South Wales,AUS,Australia,10271.3204,,,,,,,,,,no_match
Unknown,"54-76 Captain Cook Dr, Caringbah NSW 2229",Evie,4,DC,75 kW,-34.0329857,151.1250638,Wollondilly Shire Council,2229,ARENA - Driving the Nation,Operational,75.0,75.0,27.0,128,Sydney - Sutherland,0,No change,1GSYD,Greater Sydney,1,New South Wales,AUS,Australia,295.8523,272635.0,"CCS (Type 2), CHAdeMO",2.0,Evie,,0.0139,,,,coordinate_distance
Unknown,"550 Bunnerong Rd, Sydney, 2036",JOLT,2,DC,25 kW,-33.9610561,151.2309449,Randwick City Council,2036,Existing Fast Chargers,Operational,25.0,25.0,17.0,118,Sydney - Eastern Suburbs,0,No change,1GSYD,Greater Sydney,1,New South Wales,AUS,Australia,57.7341,,,,,,,,,,no_match
Unknown,"56 Morpeth St, Harwood , 2465",Tesla,8,DC,130 kW,-29.42699904,153.2391471,Clarence Valley Council,2465,Existing Fast Chargers,Operational,130.0,130.0,3.0,104,Coffs Harbour - Grafton,0,No change,1RNSW,Rest of NSW,1,New South Wales,AUS,Australia,13229.7573,171146.0,CCS (Type 2),4.0,Tesla (Tesla-only charging),AUD 0.42/kWh;other tariffs for older cars,0.0095,,,,coordinate_distance
Unknown,"58 Phillip St, West Tamworth , 2340",Tesla,8,DC,130 kW,-31.10164969,150.9171261,Tamworth Regional Council,2340,Existing Fast Chargers,Operational,130.0,130.0,9.0,110,New England and North West,0,No change,1RNSW,Rest of NSW,1,New South Wales,AUS,Australia,99139.9014,113602.0,CCS (Type 2),4.0,Tesla (Tesla-only charging),AUD 0.42/kWh;other tariffs for older cars,0.0207,,,,coordinate_distance
Unknown,"580 Parramatta Rd, Sydney, 2132",BP,4,DC,75 kW,-33.87410415,151.1267628,Inner West Council,2132,Existing Fast Chargers,Operational,75.0,75.0,19.0,120,Sydney - Inner West,0,No change,1GSYD,Greater Sydney,1,New South Wales,AUS,Australia,64.5756,272684.0,"CCS (Type 2), CHAdeMO",2.0,Evie,,0.0141,,,,coordinate_distance
Unknown,"580 Princes Hwy, Sydney, 2232",Tesla,6,DC,250 kW,-34.03339744,151.0731502,Sutherland Shire Council,2232,Existing Fast Chargers,Operational,250.0,250.0,27.0,128,Sydney - Sutherland,0,No change,1GSYD,Greater Sydney,1,New South Wales,AUS,Australia,295.8523,191280.0,CCS (Type 2),6.0,Tesla (Tesla-only charging),$0.52/kWh,0.077,,,,coordinate_distance
Unknown,"59 The Centre, Sydney, 2087",JOLT,2,DC,25 kW,-33.76210915,151.2142012,Northern Beaches Council,2087,Existing Fast Chargers,Operational,25.0,25.0,21.0,122,Sydney - Northern Beaches,0,No change,1GSYD,Greater Sydney,1,New South Wales,AUS,Australia,254.2073,,,,,,,,,,no_match
Unknown,"594 Anzac Pde, Sydney, 2032",Evie,4,DC,75 kW,-33.92659564,151.2313293,Randwick City Council,2032,Existing Fast Chargers,Operational,75.0,75.0,17.0,118,Sydney - Eastern Suburbs,0,No change,1GSYD,Greater Sydney,1,New South Wales,AUS,Australia,57.7341,,,,,,,,,,no_match
Unknown,"59-61 Pacific Hwy Cnr Unwin Rd, Waitara, NSW, 2077",Ampol,2,DC,125 kW,-33.7105301,151.1024488,"Hornsby, The Council of the Shire of",2077,ARENA - Driving the Nation,Operational,125.0,125.0,20.0,121,Sydney - North Sydney and Hornsby,0,No change,1GSYD,Greater Sydney,1,New South Wales,AUS,Australia,275.0992,278525.0,CCS (Type 2),1.0,Ampol AmpCharge,,0.01,,,,coordinate_distance
Unknown,"6 Boundary St, Sydney, 2081",Chargefox,2,DC,75 kW,-33.62137942,151.1494484,"Hornsby, The Council of the Shire of",2081,Existing Fast Chargers,Operational,75.0,75.0,20.0,121,Sydney - North Sydney and Hornsby,0,No change,1GSYD,Greater Sydney,1,New South Wales,AUS,Australia,275.0992,272620.0,CCS (Type 2),2.0,Chargefox,$0.60/kWh,0.0001,,,,coordinate_distance
Unknown,"6 Castlereagh St Gilgandra, NSW 2827, Australia",NRMA,4,DC,75 kW,-30.0205758,148.1181013,Gilgandra Shire Council,2832,TfNSW Regional,Operational,75.0,75.0,4.0,105,Far West and Orana,0,No change,1RNSW,Rest of NSW,1,New South Wales,AUS,Australia,339355.6495,190683.0,"CCS (Type 2), CHAdeMO",1.0,NRMA,FREE,0.2026,,,,coordinate_distance
Unknown,"6 Myahgah Rd, Sydney, 2088",Evie,2,DC,50 kW,-33.82554959,151.2414274,Mosman Municipal Council,2088,Existing Fast Chargers,Operational,50.0,50.0,20.0,121,Sydney - North Sydney and Hornsby,0,No change,1GSYD,Greater Sydney,1,New South Wales,AUS,Australia,275.0992,191164.0,"CHAdeMO, CCS (Type 2)",1.0,Evie,$0.40/kWh,0.0122,,,,coordinate_distance
Unknown,"60 Glenwood Park Dr, Glenwood NSW 2768",Evie,4,DC,75 kW,-33.73460909,150.928265,Blacktown City Council,2768,ARENA - Driving the Nation,Operational,75.0,75.0,15.0,116,Sydney - Blacktown,0,No change,1GSYD,Greater Sydney,1,New South Wales,AUS,Australia,240.8836,,,,,,,,,,no_match
Unknown,"60-62 Amherst St, Sydney, 2062",Evie,4,DC,50 kW,-33.82299004,151.2108829,North Sydney Council,2062,Existing Fast Chargers,Operational,50.0,50.0,20.0,121,Sydney - North Sydney and Hornsby,0,No change,1GSYD,Greater Sydney,1,New South Wales,AUS,Australia,275.0992,,,,,,,,,,no_match
Unknown,"620-658 Terrigal Dr, Central Coast, 2250",Evie,4,DC,75 kW,-33.43668073,151.3943884,Central Coast Council,2250,Existing Fast Chargers,Operational,75.0,75.0,1.0,102,Central Coast,0,No change,1GSYD,Greater Sydney,1,New South Wales,AUS,Australia,1681.009,,,,,,,,,,no_match
Unknown,"634-726 Princes Hwy, Tempe NSW 2044",Evie,4,DC,150 kW,-33.92288364,151.1652088,Inner West Council,2044,ARENA - Driving the Nation,Operational,150.0,150.0,16.0,117,Sydney - City and Inner South,0,No change,1GSYD,Greater Sydney,1,New South Wales,AUS,Australia,66.117,,,,,,,,,,no_match
Unknown,"66 Princes Hwy, Wollongong, 2519",Chargefox,4,DC,47 kW,-34.39180785,150.8945806,Wollongong City Council,2519,Existing Fast Chargers,Operational,47.0,47.0,6.0,107,Illawarra,0,No change,1RNSW,Rest of NSW,1,New South Wales,AUS,Australia,1539.2408,,,,,,,,,,no_match
Unknown,"67 Roberts Rd, Sydney, 2190",Exploren,2,DC,120 kW,-33.90204809,151.0655796,Strathfield,2190,Existing Fast Chargers,Operational,120.0,120.0,18.0,119,Sydney - Inner South West,0,No change,1GSYD,Greater Sydney,1,New South Wales,AUS,Australia,163.9273,,,,,,,,,,no_match
Unknown,"670 Richmond Rd, Sydney, 2761",JOLT,4,DC,25 kW,-33.73553158,150.8513123,Blacktown City Council,2761,Existing Fast Chargers,Operational,25.0,25.0,15.0,116,Sydney - Blacktown,0,No change,1GSYD,Greater Sydney,1,New South Wales,AUS,Australia,240.8836,,,,,,,,,,no_match
Unknown,"69-71 Central Coast Hwy, Gosford West, NSW, 2250",Ampol,2,DC,125 kW,-33.4267831,151.321995,Central Coast Council,2250,ARENA - Driving the Nation,Operational,125.0,125.0,1.0,102,Central Coast,0,No change,1GSYD,Greater Sydney,1,New South Wales,AUS,Australia,1681.009,,,,,,,,,,no_match
Unknown,"7 Bungan St, Sydney, 2103",JOLT,2,DC,25 kW,-33.6760501,151.3031301,Northern Beaches Council,2103,Existing Fast Chargers,Operational,25.0,25.0,21.0,122,Sydney - Northern Beaches,0,No change,1GSYD,Greater Sydney,1,New South Wales,AUS,Australia,254.2073,190757.0,"CCS (Type 2), CHAdeMO",1.0,Jolt,$0.00/kWh up to 7 kWh then $0.46/kWh,0.0119,,,,coordinate_distance
Unknown,"7 Pemell Street, Toronto, 2283",Exploren,2,DC,40 kW,-33.01454359,151.5961952,Lake Macquarie City Council,2283,Existing Fast Chargers,Operational,40.0,40.0,10.0,111,Newcastle and Lake Macquarie,0,No change,1RNSW,Rest of NSW,1,New South Wales,AUS,Australia,870.5824,,,,,,,,,,no_match
Unknown,"7 Tank St, Lithgow, 2790",NRMA,4,DC,50 kW,-33.47800605,150.1611241,"Lithgow Council, City of",2790,Existing Fast Chargers,Operational,50.0,50.0,2.0,103,Central West,0,No change,1RNSW,Rest of NSW,1,New South Wales,AUS,Australia,70297.0605,154488.0,"CCS (Type 2), CHAdeMO",2.0,NRMA,60c / 54c for members of NRMA,0.0077,,,,coordinate_distance
Unknown,"725 Pittwater Rd, Sydney, 2099",JOLT,2,DC,25 kW,-33.7523594,151.2865606,Northern Beaches Council,2099,Existing Fast Chargers,Operational,25.0,25.0,21.0,122,Sydney - Northern Beaches,0,No change,1GSYD,Greater Sydney,1,New South Wales,AUS,Australia,254.2073,128195.0,"Type 1 (J1772), Tesla (Model S/X), Type 2 (Socket Only)",2.0,ChargePoint,Free,0.2313,,,,coordinate_distance
Unknown,"73 Belmore Road, Randwick NSW 2031",Evie,4,DC,50 kW,-33.915171,151.241129,Randwick City Council,2031,ARENA - Driving the Nation,Operational,50.0,50.0,17.0,118,Sydney - Eastern Suburbs,0,No change,1GSYD,Greater Sydney,1,New South Wales,AUS,Australia,57.7341,272630.0,"CCS (Type 2), CHAdeMO",2.0,Evie,,0.0146,,,,coordinate_distance
Unknown,"731-741 Military Rd, Sydney, 2088",Chargefox,2,DC,47 kW,-33.82852457,151.2439029,Mosman Municipal Council,2088,Existing Fast Chargers,Operational,47.0,47.0,20.0,121,Sydney - North Sydney and Hornsby,0,No change,1GSYD,Greater Sydney,1,New South Wales,AUS,Australia,275.0992,272686.0,"CCS (Type 2), CHAdeMO",1.0,Evie,,0.3001,,,,coordinate_distance
Unknown,"741 George St, Windsor, 2756",Ampol,4,DC,150 kW,-33.63860965,150.7837227,Hawkesbury City Council,2756,Existing Fast Chargers,Operational,150.0,150.0,23.0,124,Sydney - Outer West and Blue Mountains,0,No change,1GSYD,Greater Sydney,1,New South Wales,AUS,Australia,3968.1295,,,,,,,,,,no_match
Unknown,"76 Cowper St, Wallsend, 2287",NRMA,4,DC,50 kW,-32.90272177,151.6697678,Newcastle City Council,2287,Existing Fast Chargers,Operational,50.0,50.0,10.0,111,Newcastle and Lake Macquarie,0,No change,1RNSW,Rest of NSW,1,New South Wales,AUS,Australia,870.5824,148545.0,"CCS (Type 2), CHAdeMO",1.0,NRMA,Currently free but will be fee at some point.,0.0262,,,,coordinate_distance
Unknown,"76 Wingewarra St, Dubbo , 2830",Tesla,8,DC,130 kW,-32.24995,148.6091822,Dubbo Regional Council,2830,Existing Fast Chargers,Operational,130.0,130.0,4.0,105,Far West and Orana,0,No change,1RNSW,Rest of NSW,1,New South Wales,AUS,Australia,339355.6495,121546.0,CCS (Type 2),4.0,Tesla (including non-tesla),$0.52/kWh,0.0,,,,coordinate_distance
Unknown,"77 Darling St, Cowra, 2794",NRMA,2,DC,50 kW,-33.83451056,148.6935365,Cowra Shire Council,2794,Existing Fast Chargers,Operational,50.0,50.0,2.0,103,Central West,0,No change,1RNSW,Rest of NSW,1,New South Wales,AUS,Australia,70297.0605,156010.0,CCS (Type 2),2.0,NRMA,$0.74/kWh,0.0894,,,,coordinate_distance
Unknown,"772 Anzac Pde, Sydney, 2035",Evie,4,DC,75 kW,-33.93800905,151.2385195,Randwick City Council,2035,Existing Fast Chargers,Operational,75.0,75.0,17.0,118,Sydney - Eastern Suburbs,0,No change,1GSYD,Greater Sydney,1,New South Wales,AUS,Australia,57.7341,,,,,,,,,,no_match
Unknown,"773 Old South Head Rd, Sydney, 2030",Chargefox,2,DC,40 kW,-33.85700205,151.2828038,Woollahra Municipal Council,2030,Existing Fast Chargers,Operational,40.0,40.0,17.0,118,Sydney - Eastern Suburbs,0,No change,1GSYD,Greater Sydney,1,New South Wales,AUS,Australia,57.7341,,,,,,,,,,no_match
Unknown,"78 Great Western Hwy Cnr Ross St, Glenbrook, NSW, 2773",Ampol,2,DC,125 kW,-33.7653881,150.6214758,Blue Mountains City Council,2773,ARENA - Driving the Nation,Operational,125.0,125.0,23.0,124,Sydney - Outer West and Blue Mountains,0,No change,1GSYD,Greater Sydney,1,New South Wales,AUS,Australia,3968.1295,297042.0,"CCS (Type 2), CHAdeMO",1.0,Ampol AmpCharge,,0.0079,,,,coordinate_distance
Unknown,"7-9 Irvine Pl, Sydney, 2153",Chargefox,4,DC,125 kW,-33.73886191,150.9475235,The Hills Shire Council,2153,Existing Fast Chargers,Operational,125.0,125.0,14.0,115,Sydney - Baulkham Hills and Hawkesbury,0,No change,1GSYD,Greater Sydney,1,New South Wales,AUS,Australia,3251.4981,,,,,,,,,,no_match
Unknown,"8 Euston Rd, Sydney, 2015",Exploren,2,DC,120 kW,-33.90533738,151.1936567,"Sydney, Council of the City of",2015,Existing Fast Chargers,Operational,120.0,120.0,16.0,117,Sydney - City and Inner South,0,No change,1GSYD,Greater Sydney,1,New South Wales,AUS,Australia,66.117,,,,,,,,,,no_match
Unknown,"8 Federation Rd, Sydney, 2050",Exploren,2,DC,50 kW,-33.89360765,151.1783463,Inner West Council,2050,Existing Fast Chargers,Operational,50.0,50.0,16.0,117,Sydney - City and Inner South,0,No change,1GSYD,Greater Sydney,1,New South Wales,AUS,Australia,66.117,,,,,,,,,,no_match
Unknown,"8 Kosciuszko Rd, Jindabyne, 2627",BP,4,DC,75 kW,-36.4147548,148.6177838,Snowy Monaro Regional Council,2627,Existing Fast Chargers,Operational,75.0,75.0,0.0,101,Capital Region,0,No change,1RNSW,Rest of NSW,1,New South Wales,AUS,Australia,51896.2445,190861.0,"CCS (Type 2), CHAdeMO",2.0,NRMA,$0.64/kWh,0.2194,,,,coordinate_distance
Unknown,"8/24 Cross St, Wagga Wagga, NSW 2650",NRMA,2,DC,50 kW,-31.7223908,148.6571378,Wagga Wagga City Council,2827,TfNSW Regional,Operational,50.0,50.0,4.0,105,Far West and Orana,0,No change,1RNSW,Rest of NSW,1,New South Wales,AUS,Australia,339355.6495,,,,,,,,,,no_match
Unknown,"80 Little Barber St, Gunnedah, 2380",NRMA,2,DC,50 kW,-30.97803908,150.2508509,Gunnedah Shire Council,2380,Existing Fast Chargers,Operational,50.0,50.0,9.0,110,New England and North West,0,No change,1RNSW,Rest of NSW,1,New South Wales,AUS,Australia,99139.9014,274452.0,"CCS (Type 2), CHAdeMO",1.0,(Unknown Operator),"$0, but payment will be required Oct-Dec 2023",0.0507,,,,coordinate_distance
Unknown,"81 Hickory St, Dorrigo, NSW 2453, Australia",NRMA,4,DC,75 kW,-30.9529988,148.3875852,Bellingen Shire Council,2829,TfNSW Regional,Operational,75.0,75.0,4.0,105,Far West and Orana,0,No change,1RNSW,Rest of NSW,1,New South Wales,AUS,Australia,339355.6495,,,,,,,,,,no_match
Unknown,"81 Meehan St, Yass NSW 2582, Australia",NRMA,2,DC,50 kW,-34.428348,150.9001506,Yass Valley Council,2500,TfNSW Regional,Operational,50.0,50.0,6.0,107,Illawarra,0,No change,1RNSW,Rest of NSW,1,New South Wales,AUS,Australia,1539.2408,191177.0,"CCS (Type 2), CHAdeMO",2.0,NRMA,FREE,0.0083,,,,coordinate_distance
Unknown,"819-827 Anzac Pde, Sydney, 2035",JOLT,2,DC,25 kW,-33.94349854,151.2397227,Randwick City Council,2035,Existing Fast Chargers,Operational,25.0,25.0,17.0,118,Sydney - Eastern Suburbs,0,No change,1GSYD,Greater Sydney,1,New South Wales,AUS,Australia,57.7341,,,,,,,,,,no_match
Unknown,"82 Marsh St, Armidale, NSW 2350, Australia",NRMA,2,DC,50 kW,-34.4476103,147.5348555,Armidale Regional Council,2666,TfNSW Regional,Operational,50.0,50.0,12.0,113,Riverina,0,No change,1RNSW,Rest of NSW,1,New South Wales,AUS,Australia,56984.9808,190668.0,CCS (Type 2),2.0,NRMA,$0.74/kWh,0.181,,,,coordinate_distance
Unknown,"82A O'Connell St, Sydney, 2747",Evie,2,DC,50 kW,-33.76927632,150.7354595,Penrith City Council,2747,Existing Fast Chargers,Operational,50.0,50.0,23.0,124,Sydney - Outer West and Blue Mountains,0,No change,1GSYD,Greater Sydney,1,New South Wales,AUS,Australia,3968.1295,191163.0,"CCS (Type 2), CHAdeMO, Type 2 (Socket Only)",2.0,Evie,DC $0.40/kWh AC $0.35/kWh,0.0513,,,,coordinate_distance
Unknown,"85/91 Commissioner St, Cooma , 2630",Tesla,8,DC,150 kW,-36.23552257,149.1267948,Snowy Monaro Regional Council,2630,Existing Fast Chargers,Operational,150.0,150.0,0.0,101,Capital Region,0,No change,1RNSW,Rest of NSW,1,New South Wales,AUS,Australia,51896.2445,90199.0,CCS (Type 2),4.0,Tesla (Tesla-only charging),AUD 0.42/kWh;other tariffs for older cars,0.0001,,,,coordinate_distance
Unknown,"87 Winbourne Rd, Sydney, 2100",JOLT,2,DC,25 kW,-33.76207512,151.2724464,Northern Beaches Council,2100,Existing Fast Chargers,Operational,25.0,25.0,21.0,122,Sydney - Northern Beaches,0,No change,1GSYD,Greater Sydney,1,New South Wales,AUS,Australia,254.2073,,,,,,,,,,no_match
Unknown,"872 Anzac Pde, Sydney, 2035",Evie,2,DC,75 kW,-33.94314819,151.2396466,Randwick City Council,2035,Existing Fast Chargers,Operational,75.0,75.0,17.0,118,Sydney - Eastern Suburbs,0,No change,1GSYD,Greater Sydney,1,New South Wales,AUS,Australia,57.7341,,,,,,,,,,no_match
Unknown,"875 Richmond Rd, Marsden Park, NSW, 2765",Ampol,2,DC,125 kW,-33.716109,150.8453094,Blacktown City Council,2765,ARENA - Driving the Nation,Operational,125.0,125.0,15.0,116,Sydney - Blacktown,0,No change,1GSYD,Greater Sydney,1,New South Wales,AUS,Australia,240.8836,,,,,,,,,,no_match
Unknown,"87-91 Roberts Rd Cnr Moondo St, Greenacre, NSW, 2190",Ampol,2,DC,125 kW,-33.9047231,151.0645884,Strathfield Municipal Council,2190,ARENA - Driving the Nation,Operational,125.0,125.0,18.0,119,Sydney - Inner South West,0,No change,1GSYD,Greater Sydney,1,New South Wales,AUS,Australia,163.9273,,,,,,,,,,no_match
Unknown,"88 Christie St, St Leonards NSW 2065",Evie,4,DC,50 kW,-33.82378797,151.1951941,North Sydney Council,2065,ARENA - Driving the Nation,Operational,50.0,50.0,20.0,121,Sydney - North Sydney and Hornsby,0,No change,1GSYD,Greater Sydney,1,New South Wales,AUS,Australia,275.0992,272632.0,"CCS (Type 2), CHAdeMO",2.0,Evie,,0.0146,,,,coordinate_distance
Unknown,"888 Pittwater Rd, Sydney, 2099",Tesla,4,DC,250 kW,-33.75321026,151.2873604,Northern Beaches Council,2099,Existing Fast Chargers,Operational,250.0,250.0,21.0,122,Sydney - Northern Beaches,0,No change,1GSYD,Greater Sydney,1,New South Wales,AUS,Australia,254.2073,128195.0,"Type 1 (J1772), Tesla (Model S/X), Type 2 (Socket Only)",2.0,ChargePoint,Free,0.332,,,,coordinate_distance
Unknown,"88-90 Houston Rd, Sydney, 2032",Evie,2,DC,50 kW,-33.92407212,151.2266947,Randwick City Council,2032,Existing Fast Chargers,Operational,50.0,50.0,17.0,118,Sydney - Eastern Suburbs,0,No change,1GSYD,Greater Sydney,1,New South Wales,AUS,Australia,57.7341,,,,,,,,,,no_match
Unknown,"89 Barwan St, Narrabri, NSW 2390, Australia,",NRMA,4,DC,50 kW,-29.0572067,152.0186837,Narrabri Shire Council,2372,TfNSW Regional,Operational,50.0,50.0,9.0,110,New England and North West,0,No change,1RNSW,Rest of NSW,1,New South Wales,AUS,Australia,99139.9014,312274.0,CCS (Type 2),3.0,Tesla (including non-tesla),$0.69/kWh,0.1659,,,,coordinate_distance
Unknown,"89 Market St, Balranald, 2715",NRMA,2,DC,50 kW,-34.63954159,143.5647087,Balranald Shire Council,2715,Existing Fast Chargers,Operational,50.0,50.0,8.0,109,Murray,0,No change,1RNSW,Rest of NSW,1,New South Wales,AUS,Australia,97796.4912,190671.0,"CCS (Type 2), CHAdeMO",1.0,NRMA,FREE,0.0209,,,,coordinate_distance
Unknown,"89 Williamson Rd, Sydney, 2565",BP,4,DC,150 kW,-33.98851456,150.8593694,Campbelltown City Council,2565,Existing Fast Chargers,Operational,150.0,150.0,22.0,123,Sydney - Outer South West,0,No change,1GSYD,Greater Sydney,1,New South Wales,AUS,Australia,1277.2421,,,,,,,,,,no_match
Unknown,"895 South Dowling St, Sydney, 2017",Chargefox,3,DC,165 kW,-33.90701506,151.213019,"Sydney, Council of the City of",2017,Existing Fast Chargers,Operational,165.0,165.0,16.0,117,Sydney - City and Inner South,0,No change,1GSYD,Greater Sydney,1,New South Wales,AUS,Australia,66.117,191062.0,CCS (Type 2),1.0,Chargefox,$0.70/kWh,0.0157,,,,coordinate_distance
Unknown,"9 Eastern Valley Way, Northbridge NSW 2063",Evie,4,DC,50 kW,-33.809326,151.208848,North Sydney Council,2063,ARENA - Driving the Nation,Operational,50.0,50.0,20.0,121,Sydney - North Sydney and Hornsby,0,No change,1GSYD,Greater Sydney,1,New South Wales,AUS,Australia,275.0992,272694.0,"CCS (Type 2), CHAdeMO",1.0,Evie,,0.0243,,,,coordinate_distance
Unknown,"9 Flinders St, Wollongong North, NSW, 2500",Ampol,2,DC,125 kW,-34.4151195,150.8931953,Wollongong City Council,2500,ARENA - Driving the Nation,Operational,125.0,125.0,6.0,107,Illawarra,0,No change,1RNSW,Rest of NSW,1,New South Wales,AUS,Australia,1539.2408,460474.0,Type 2 (Socket Only),2.0,EVX (AU),0.55,0.9174,,,,coordinate_distance
Unknown,"9 Lagoon St, Sydney, 2101",JOLT,2,DC,25 kW,-33.7136587,151.2982913,Northern Beaches Council,2101,Existing Fast Chargers,Operational,25.0,25.0,21.0,122,Sydney - Northern Beaches,0,No change,1GSYD,Greater Sydney,1,New South Wales,AUS,Australia,254.2073,,,,,,,,,,no_match
Unknown,"9 Vickery Ave, Sydney, 2029",Evie,4,DC,75 kW,-33.87136141,151.2644124,Woollahra Municipal Council,2029,Existing Fast Chargers,Operational,75.0,75.0,17.0,118,Sydney - Eastern Suburbs,0,No change,1GSYD,Greater Sydney,1,New South Wales,AUS,Australia,57.7341,,,,,,,,,,no_match
Unknown,"91 Spring St, Sydney, 2022",Evie,4,DC,75 kW,-33.89264569,151.2481672,Waverley Council,2022,Existing Fast Chargers,Operational,75.0,75.0,17.0,118,Sydney - Eastern Suburbs,0,No change,1GSYD,Greater Sydney,1,New South Wales,AUS,Australia,57.7341,272634.0,"CCS (Type 2), CHAdeMO",2.0,Evie,,0.038,,,,coordinate_distance
Unknown,"917-923 Old Northern Rd, Dural, NSW, 2158",Ampol,2,DC,125 kW,-33.6828871,151.0284517,"Hornsby, The Council of the Shire of",2158,ARENA - Driving the Nation,Operational,125.0,125.0,14.0,115,Sydney - Baulkham Hills and Hawkesbury,0,No change,1GSYD,Greater Sydney,1,New South Wales,AUS,Australia,3251.4981,,,,,,,,,,no_match
Unknown,"92 Houston Rd
Kingsford NSW 2032
Australia",Evie Networks,2,DC,50 kW,-33.9242319,151.2266791,Randwick City Council,2032,Kerbside Charging R1,Operational,50.0,50.0,17.0,118,Sydney - Eastern Suburbs,0,No change,1GSYD,Greater Sydney,1,New South Wales,AUS,Australia,57.7341,,,,,,,,,,no_match
Unknown,"93 Byamee St, Dapto NSW 2530",Evie,4,DC,50 kW,-34.494604,150.795725,Wollongong City Council,2530,ARENA - Driving the Nation,Operational,50.0,50.0,6.0,107,Illawarra,0,No change,1RNSW,Rest of NSW,1,New South Wales,AUS,Australia,1539.2408,272496.0,"CCS (Type 2), CHAdeMO",2.0,Evie,50c per kWh energy consumed.,0.0472,,,,coordinate_distance
Unknown,"93 Princes Hwy, Ulladulla, 2539",ChargeHub,2,DC,25 kW,-35.3576507,150.4733804,Shoalhaven City Council,2539,Existing Fast Chargers,Operational,25.0,25.0,13.0,114,Southern Highlands and Shoalhaven,0,No change,1RNSW,Rest of NSW,1,New South Wales,AUS,Australia,6704.9619,,,,,,,,,,no_match
Unknown,"930 Old Northern Rd, Glenorie NSW 2157",Evie,4,DC,75 kW,-33.60191393,151.0082442,The Hills Shire Council,2157,ARENA - Driving the Nation,Operational,75.0,75.0,14.0,115,Sydney - Baulkham Hills and Hawkesbury,0,No change,1GSYD,Greater Sydney,1,New South Wales,AUS,Australia,3251.4981,,,,,,,,,,no_match
Unknown,"9-49 Chapel Rd, Bankstown NSW 2200",Evie,4,DC,50 kW,-33.931975,151.030127,Canterbury Bankstown Council,2200,ARENA - Driving the Nation,Operational,50.0,50.0,18.0,119,Sydney - Inner South West,0,No change,1GSYD,Greater Sydney,1,New South Wales,AUS,Australia,163.9273,191160.0,"CCS (Type 2), CHAdeMO",2.0,Evie,$0.40/kWh,0.0051,,,,coordinate_distance
Unknown,"96 Mackay Ave, Yoogali, 2680",Chargefox,2,DC,50 kW,-34.29922127,146.0782252,Griffith City Council,2680,Existing Fast Chargers,Operational,50.0,50.0,12.0,113,Riverina,0,No change,1RNSW,Rest of NSW,1,New South Wales,AUS,Australia,56984.9808,306014.0,CCS (Type 2),2.0,Chargefox,$0.40/kWh,0.0732,,,,coordinate_distance
Unknown,"96-100 Centennial Cct, Byron Bay, 2481",Chargefox,1,DC,80 kW,-28.6372513,153.5806587,Byron Shire Council,2481,Existing Fast Chargers,Operational,80.0,80.0,11.0,112,Richmond - Tweed,0,No change,1RNSW,Rest of NSW,1,New South Wales,AUS,Australia,10271.3204,148118.0,Type 2 (Socket Only),2.0,Chargefox,Free,0.6666,,,,coordinate_distance
Unknown,"97R Brook St, Sydney, 2034",Chargefox,2,DC,42 kW,-33.91910615,151.2547838,Randwick City Council,2034,Existing Fast Chargers,Operational,42.0,42.0,17.0,118,Sydney - Eastern Suburbs,0,No change,1GSYD,Greater Sydney,1,New South Wales,AUS,Australia,57.7341,,,,,,,,,,no_match
Unknown,"98-100 Windsor Rd Cnr Lombard Rd, Northmead, NSW, 2152",Ampol,2,DC,125 kW,-33.7878745,150.9946557,"Parramatta, Council of the City of",2152,ARENA - Driving the Nation,Operational,125.0,125.0,24.0,125,Sydney - Parramatta,0,No change,1GSYD,Greater Sydney,1,New South Wales,AUS,Australia,162.8356,,,,,,,,,,no_match
Unknown,"Anderson St, Sydney, 2067",Exploren,2,DC,50 kW,-33.79641046,151.1836096,Willoughby City Council,2067,Existing Fast Chargers,Operational,50.0,50.0,20.0,121,Sydney - North Sydney and Hornsby,0,No change,1GSYD,Greater Sydney,1,New South Wales,AUS,Australia,275.0992,266872.0,CCS (Type 2),2.0,Chargefox,$0.45/kWh,0.2985,,,,coordinate_distance
Unknown,"Avenue Rd, Sydney, 2088",BP,2,DC,75 kW,-33.83197602,151.2373874,Mosman Municipal Council,2088,Existing Fast Chargers,Operational,75.0,75.0,20.0,121,Sydney - North Sydney and Hornsby,0,No change,1GSYD,Greater Sydney,1,New South Wales,AUS,Australia,275.0992,272686.0,"CCS (Type 2), CHAdeMO",1.0,Evie,,0.5874,,,,coordinate_distance
Unknown,"B640 Princes Hwy, Berry, 2535",Tesla,12,DC,130 kW,-34.80794299,150.637044,Shoalhaven City Council,2535,Existing Fast Chargers,Operational,130.0,130.0,13.0,114,Southern Highlands and Shoalhaven,0,No change,1RNSW,Rest of NSW,1,New South Wales,AUS,Australia,6704.9619,190502.0,Type 2 (Tethered Connector) ,2.0,(Unknown Operator),,0.0277,,,,coordinate_distance
Unknown,"Bellambi Ln, Wollongong, 2518",Exploren,2,DC,120 kW,-34.36218023,150.907982,Wollongong City Council,2518,Existing Fast Chargers,Operational,120.0,120.0,6.0,107,Illawarra,0,No change,1RNSW,Rest of NSW,1,New South Wales,AUS,Australia,1539.2408,,,,,,,,,,no_match
Unknown,"Berowra Railway Station, Pacific Highway, Berowra, New South Wales 2081, Australia",JOLT,1,DC,25 kW,-33.623906,151.151802,"Hornsby, The Council of the Shire of",2081,TfNSW Commuter Car Parks,Operational,25.0,25.0,20.0,121,Sydney - North Sydney and Hornsby,0,No change,1GSYD,Greater Sydney,1,New South Wales,AUS,Australia,275.0992,272620.0,CCS (Type 2),2.0,Chargefox,$0.60/kWh,0.3556,,,,coordinate_distance
Unknown,"Bryant Dr, Central Coast, 2259",Tesla,12,DC,130 kW,-33.31010015,151.4206827,Central Coast Council,2259,Existing Fast Chargers,Operational,130.0,130.0,1.0,102,Central Coast,0,No change,1GSYD,Greater Sydney,1,New South Wales,AUS,Australia,1681.009,128371.0,CCS (Type 2),6.0,Tesla (Tesla-only charging),$0.52/kWh,0.1273,,,,coordinate_distance
Unknown,"Bunnerong Rd, Sydney, 2036",Chargefox,2,DC,40 kW,-33.97296101,151.2365656,Randwick City Council,2036,Existing Fast Chargers,Operational,40.0,40.0,17.0,118,Sydney - Eastern Suburbs,0,No change,1GSYD,Greater Sydney,1,New South Wales,AUS,Australia,57.7341,272619.0,"CCS (Type 2), CHAdeMO",8.0,Chargefox,Free - $0.42/kWh,0.0869,,,,coordinate_distance
Unknown,"Camden Valley Way &, Somerset Ave, Narellan NSW 2567",Evie,4,DC,150 kW,-34.0397301,150.7385139,Camden Council,2022,ARENA - Driving the Nation,Operational,150.0,150.0,22.0,123,Sydney - Outer South West,0,No change,1GSYD,Greater Sydney,1,New South Wales,AUS,Australia,1277.2421,,,,,,,,,,no_match
Unknown,"Car Park behind the Civic Centre, Orange, 2800",NRMA,2,DC,50 kW,-33.28142647,149.1027898,Orange City Council,2800,Existing Fast Chargers,Operational,50.0,50.0,2.0,103,Central West,0,No change,1RNSW,Rest of NSW,1,New South Wales,AUS,Australia,70297.0605,191954.0,"CCS (Type 2), CHAdeMO",1.0,NRMA,FREE,0.0019,,,,coordinate_distance
Unknown,"Car park, 51 Evans St (Victoria Park), Inverell, NSW 2360, Australia",NRMA,2,DC,75 kW,-35.1086448,147.3732036,Inverell Shire Council,2650,TfNSW Regional,Operational,75.0,75.0,12.0,113,Riverina,0,No change,1RNSW,Rest of NSW,1,New South Wales,AUS,Australia,56984.9808,190500.0,"CCS (Type 2), CHAdeMO",1.0,NRMA,$0.66/KWh,0.0573,,,,coordinate_distance
Unknown,"Car park, Little Hoskins St, Temora, NSW 2666",NRMA,2,DC,50 kW,-30.9827002,151.5928644,Temora Shire Council,2354,TfNSW Regional,Operational,50.0,50.0,9.0,110,New England and North West,0,No change,1RNSW,Rest of NSW,1,New South Wales,AUS,Australia,99139.9014,480135.0,"CCS (Type 2), CHAdeMO",2.0,NRMA,,0.0481,,,,coordinate_distance
Unknown,"Castlereagh Rd, Sydney, 2750",Ampol,2,DC,150 kW,-33.74298103,150.69296,Penrith City Council,2750,Existing Fast Chargers,Operational,150.0,150.0,23.0,124,Sydney - Outer West and Blue Mountains,0,No change,1GSYD,Greater Sydney,1,New South Wales,AUS,Australia,3968.1295,274056.0,"CCS (Type 2), CHAdeMO",1.0,Ampol AmpCharge,$0.69/kWh for pay-as-you-go charging.,0.0059,,,,coordinate_distance
Unknown,"Central Ave 2, Sydney, 2015",Ampol,6,DC,150 kW,-33.89561066,151.1961411,"Sydney, Council of the City of",2015,Existing Fast Chargers,Operational,150.0,150.0,16.0,117,Sydney - City and Inner South,0,No change,1GSYD,Greater Sydney,1,New South Wales,AUS,Australia,66.117,272614.0,"CCS (Type 2), CHAdeMO, Type 2 (Socket Only)",4.0,Chargefox,Free,0.0305,,,,coordinate_distance
Unknown,"Cnr Dunheved Rd & Henry Lawson Dr, Werrington, NSW, 2747",Ampol,2,DC,125 kW,-33.7463077,150.7413197,Penrith City Council,2747,ARENA - Driving the Nation,Operational,125.0,125.0,23.0,124,Sydney - Outer West and Blue Mountains,0,No change,1GSYD,Greater Sydney,1,New South Wales,AUS,Australia,3968.1295,,,,,,,,,,no_match
Unknown,"Cnr Elara Bvd &, Northbourne Dr, Sydney, 2765",Evie,4,DC,150 kW,-33.69514919,150.8213664,Blacktown City Council,2765,Existing Fast Chargers,Operational,150.0,150.0,15.0,116,Sydney - Blacktown,0,No change,1GSYD,Greater Sydney,1,New South Wales,AUS,Australia,240.8836,,,,,,,,,,no_match
Unknown,"Cnr Herring & Waterloo Rd, North Ryde NSW 2113",Evie,4,DC,50 kW,-33.776893,151.122247,"Ryde, Council of the City of",2113,ARENA - Driving the Nation,Operational,50.0,50.0,25.0,126,Sydney - Ryde,0,No change,1GSYD,Greater Sydney,1,New South Wales,AUS,Australia,69.3368,150032.0,CCS (Type 2),10.0,Tesla (Tesla-only charging),AUD 0.42/kWh;other tariffs for older cars,0.1092,,,,coordinate_distance
Unknown,"Cnr Herring Rd & Waterloo Rd, Sydney, 2113",Tesla,20,DC,130 kW,-33.77721726,151.1208809,"Ryde, Council of the City of",2113,Existing Fast Chargers,Operational,130.0,130.0,25.0,126,Sydney - Ryde,0,No change,1GSYD,Greater Sydney,1,New South Wales,AUS,Australia,69.3368,272627.0,"CCS (Type 2), CHAdeMO",2.0,Evie,,0.0486,,,,coordinate_distance
Unknown,"Cnr Miller & Amherst St, Cammeray NSW 2062",Evie,4,DC,75 kW,-33.82301829,151.2093468,North Sydney Council,2062,ARENA - Driving the Nation,Operational,75.0,75.0,20.0,121,Sydney - North Sydney and Hornsby,0,No change,1GSYD,Greater Sydney,1,New South Wales,AUS,Australia,275.0992,,,,,,,,,,no_match
Unknown,"Cnr Trafalgar St & Pembroke St, Sydney, 2024",Chargefox,2,DC,50 kW,-33.90722527,151.2647708,Waverley Council,2024,Existing Fast Chargers,Operational,50.0,50.0,17.0,118,Sydney - Eastern Suburbs,0,No change,1GSYD,Greater Sydney,1,New South Wales,AUS,Australia,57.7341,,,,,,,,,,no_match
Unknown,"Corner of Snowy River Avenue and Kalkite St, Jindabyne, 2627",NRMA,4,DC,50 kW,-36.415952,148.6198038,Snowy Monaro Regional Council,2627,Existing Fast Chargers,Operational,50.0,50.0,0.0,101,Capital Region,0,No change,1RNSW,Rest of NSW,1,New South Wales,AUS,Australia,51896.2445,190861.0,"CCS (Type 2), CHAdeMO",2.0,NRMA,$0.64/kWh,0.0062,,,,coordinate_distance
Unknown,"Cronulla Railway Station, Tonkin Street, Cronulla, New South Wales 2230, Australia",JOLT,1,DC,25 kW,-34.05771,151.151975,Sutherland Shire Council,2230,TfNSW Commuter Car Parks,Operational,25.0,25.0,27.0,128,Sydney - Sutherland,0,No change,1GSYD,Greater Sydney,1,New South Wales,AUS,Australia,295.8523,,,,,,,,,,no_match
Unknown,"Dalton St, Parkes, 2870",NRMA,2,DC,75 kW,-33.13720725,148.1726176,Parkes Shire Council,2870,Existing Fast Chargers,Operational,75.0,75.0,2.0,103,Central West,0,No change,1RNSW,Rest of NSW,1,New South Wales,AUS,Australia,70297.0605,191956.0,"CCS (Type 2), CHAdeMO",1.0,NRMA,FREE,0.0231,,,,coordinate_distance
Unknown,"Dorhauer Ln, Sydney, 2025",Evie,2,DC,75 kW,-33.88851356,151.2376316,Woollahra Municipal Council,2025,Existing Fast Chargers,Operational,75.0,75.0,17.0,118,Sydney - Eastern Suburbs,0,No change,1GSYD,Greater Sydney,1,New South Wales,AUS,Australia,57.7341,272689.0,"CCS (Type 2), CHAdeMO",1.0,Evie,,0.0055,,,,coordinate_distance
Unknown,"Eskbank St, Lithgow, 2790",NRMA,4,DC,180 kW,-33.48123828,150.1588018,"Lithgow Council, City of",2790,Existing Fast Chargers,Operational,180.0,180.0,2.0,103,Central West,0,No change,1RNSW,Rest of NSW,1,New South Wales,AUS,Australia,70297.0605,154488.0,"CCS (Type 2), CHAdeMO",2.0,NRMA,60c / 54c for members of NRMA,0.4257,,,,coordinate_distance
Unknown,"f 419 Hinterland Wy, Knockrow , 2479",Tesla,12,DC,130 kW,-28.74953958,153.5347227,Ballina Shire Council,2479,Existing Fast Chargers,Operational,130.0,130.0,11.0,112,Richmond - Tweed,0,No change,1RNSW,Rest of NSW,1,New South Wales,AUS,Australia,10271.3204,79243.0,CCS (Type 2),6.0,Tesla (including non-tesla),AUD 0.42/kWh;other tariffs for older cars,0.0001,,,,coordinate_distance
Unknown,"Franklin St, Sydney, 2036",Evie,2,DC,75 kW,-33.96116721,151.2488509,Randwick City Council,2036,Existing Fast Chargers,Operational,75.0,75.0,17.0,118,Sydney - Eastern Suburbs,0,No change,1GSYD,Greater Sydney,1,New South Wales,AUS,Australia,57.7341,,,,,,,,,,no_match
Unknown,"Gardeners Rd, Sydney, 2020",JOLT,2,DC,25 kW,-33.92049354,151.1907497,"Sydney, Council of the City of",2020,Existing Fast Chargers,Operational,25.0,25.0,16.0,117,Sydney - City and Inner South,0,No change,1GSYD,Greater Sydney,1,New South Wales,AUS,Australia,66.117,,,,,,,,,,no_match
Unknown,"Gardeners Rd, Sydney, 2020",JOLT,2,DC,25 kW,-33.92059364,151.1914745,"Sydney, Council of the City of",2020,Existing Fast Chargers,Operational,25.0,25.0,16.0,117,Sydney - City and Inner South,0,No change,1GSYD,Greater Sydney,1,New South Wales,AUS,Australia,66.117,,,,,,,,,,no_match
Unknown,"Gipps St, Bega, 2550",NRMA,2,DC,50 kW,-36.67324729,149.843047,Bega Valley Shire Council,2550,Existing Fast Chargers,Operational,50.0,50.0,0.0,101,Capital Region,0,No change,1RNSW,Rest of NSW,1,New South Wales,AUS,Australia,51896.2445,191183.0,CCS (Type 2),1.0,NRMA,$0.74/kWh,0.0529,,,,coordinate_distance
Unknown,"Harbour Boulevard, Shell Cove, 2529",Chargefox,2,DC,350 kW,-34.58859964,150.8661131,Shellharbour City Council,2529,Existing Fast Chargers,Operational,350.0,350.0,6.0,107,Illawarra,0,No change,1RNSW,Rest of NSW,1,New South Wales,AUS,Australia,1539.2408,171647.0,"CCS (Type 2), CHAdeMO",2.0,Chargefox,$0.40/kWh ($0.32/kWh for NRMA),0.0366,,,,coordinate_distance
Unknown,"Hassall St, Sydney, 2142",BP,4,DC,150 kW,-33.81961366,151.0213463,"Parramatta, Council of the City of",2142,Existing Fast Chargers,Operational,150.0,150.0,24.0,125,Sydney - Parramatta,0,No change,1GSYD,Greater Sydney,1,New South Wales,AUS,Australia,162.8356,273428.0,CCS (Type 2),2.0,BP Pulse (AU),55c/kWh,0.0762,,,,coordinate_distance
Unknown,"Hassall Street & James Rouse Drive, Sydney, 2142",BP,4,DC,150 kW,-33.81968873,151.0213023,"Parramatta, Council of the City of",2142,Existing Fast Chargers,Operational,150.0,150.0,24.0,125,Sydney - Parramatta,0,No change,1GSYD,Greater Sydney,1,New South Wales,AUS,Australia,162.8356,273428.0,CCS (Type 2),2.0,BP Pulse (AU),55c/kWh,0.0855,,,,coordinate_distance
Unknown,"Hastings St, Wauchope, 2446",NRMA,4,DC,60 kW,-31.4561542,152.7327227,Port Macquarie-Hastings Council,2446,Existing Fast Chargers,Operational,60.0,60.0,7.0,108,Mid North Coast,0,No change,1RNSW,Rest of NSW,1,New South Wales,AUS,Australia,18851.4993,,,,,,,,,,no_match
Unknown,"Holborn Ct, Sydney, 2557",Exploren,4,DC,150 kW,-34.02030235,150.7634565,Camden Council,2557,Existing Fast Chargers,Operational,150.0,150.0,26.0,127,Sydney - South West,0,No change,1GSYD,Greater Sydney,1,New South Wales,AUS,Australia,540.2775,,,,,,,,,,no_match
Unknown,"Innovation Way, Wollongong, 2500",Chargefox,3,DC,180 kW,-34.40008513,150.8996306,Wollongong City Council,2500,Existing Fast Chargers,Operational,180.0,180.0,6.0,107,Illawarra,0,No change,1RNSW,Rest of NSW,1,New South Wales,AUS,Australia,1539.2408,131610.0,"CCS (Type 2), Type I (AS 3112)",2.0,Chargefox,Free,0.0059,,,,coordinate_distance
Unknown,"Jersey St, Sydney, 2077",BP,2,DC,75 kW,-33.68997402,151.1061692,"Hornsby, The Council of the Shire of",2077,Existing Fast Chargers,Operational,75.0,75.0,20.0,121,Sydney - North Sydney and Hornsby,0,No change,1GSYD,Greater Sydney,1,New South Wales,AUS,Australia,275.0992,,,,,,,,,,no_match
Unknown,"John Renshaw Dr, Beresfield, 2322",BP,2,DC,75 kW,-32.81193998,151.6394685,Newcastle City Council,2322,Existing Fast Chargers,Operational,75.0,75.0,10.0,111,Newcastle and Lake Macquarie,0,No change,1RNSW,Rest of NSW,1,New South Wales,AUS,Australia,870.5824,,,,,,,,,,no_match
Unknown,"Kable Ave, Tamworth, 2340",NRMA,2,DC,50 kW,-31.0903554,150.9274134,Tamworth Regional Council,2340,Existing Fast Chargers,Operational,50.0,50.0,9.0,110,New England and North West,0,No change,1RNSW,Rest of NSW,1,New South Wales,AUS,Australia,99139.9014,312659.0,"CCS (Type 2), Type 2 (Socket Only)",1.0,Evie,63c,0.2563,,,,coordinate_distance
Unknown,"Kiewa St, Albury, 2640",NRMA,2,DC,50 kW,-36.08379184,146.9148338,Albury City Council,2640,Existing Fast Chargers,Operational,50.0,50.0,8.0,109,Murray,0,No change,1RNSW,Rest of NSW,1,New South Wales,AUS,Australia,97796.4912,300154.0,CCS (Type 2),12.0,Tesla (including non-tesla),$0.69/kWh,0.5133,,,,coordinate_distance
Unknown,"Kintore Headframe Car Park, 51 Bromide St, Broken Hill, NSW 2880, Australia",NRMA,2,DC,50 kW,-31.557857,143.3855021,Broken Hill City Council,2836,TfNSW Regional,Operational,50.0,50.0,4.0,105,Far West and Orana,0,No change,1RNSW,Rest of NSW,1,New South Wales,AUS,Australia,339355.6495,190678.0,"CCS (Type 2), CHAdeMO",1.0,NRMA,,0.0569,,,,coordinate_distance
Unknown,"Koonya Cct, Sydney, 2229",Exploren,2,DC,50 kW,-34.0278569,151.1217848,Sutherland Shire Council,2229,Existing Fast Chargers,Operational,50.0,50.0,27.0,128,Sydney - Sutherland,0,No change,1GSYD,Greater Sydney,1,New South Wales,AUS,Australia,295.8523,272635.0,"CCS (Type 2), CHAdeMO",2.0,Evie,,0.6485,,,,coordinate_distance
Unknown,"Lake Haven Dr, Lake Haven NSW 2263",Engie,2,DC,150 kW,-33.2445959,151.498974,Camden Council,2263,ARENA - Driving the Nation,Operational,150.0,150.0,1.0,102,Central Coast,0,No change,1GSYD,Greater Sydney,1,New South Wales,AUS,Australia,1681.009,272708.0,CCS (Type 2),2.0,Chargefox,,0.5809,,,,coordinate_distance
Unknown,"Lauder St, Tumbarumba, 2653",Chargefox,2,DC,100 kW,-35.7735596,148.0094114,Snowy Valleys Council,2653,Existing Fast Chargers,Operational,100.0,100.0,12.0,113,Riverina,0,No change,1RNSW,Rest of NSW,1,New South Wales,AUS,Australia,56984.9808,,,,,,,,,,no_match
Unknown,"M4 Motorway Westbound, Sydney, 2766",Ampol,10,DC,400 kW,-33.80214519,150.8802132,Blacktown City Council,2766,Existing Fast Chargers,Operational,400.0,400.0,15.0,116,Sydney - Blacktown,0,No change,1GSYD,Greater Sydney,1,New South Wales,AUS,Australia,240.8836,,,,,,,,,,no_match
Unknown,"Mortimer St, Mudgee, 2850",NRMA,2,DC,50 kW,-32.59368073,149.5862633,Mid-Western Regional Council,2850,Existing Fast Chargers,Operational,50.0,50.0,2.0,103,Central West,0,No change,1RNSW,Rest of NSW,1,New South Wales,AUS,Australia,70297.0605,191957.0,"CCS (Type 2), CHAdeMO",1.0,NRMA,60c / 54c for NRMA Members,0.0075,,,,coordinate_distance
Unknown,"Murray Rose Ave, Sydney, 2127",NRMA,2,DC,50 kW,-33.84603808,151.0698058,"Parramatta, Council of the City of",2127,Existing Fast Chargers,Operational,50.0,50.0,24.0,125,Sydney - Parramatta,0,No change,1GSYD,Greater Sydney,1,New South Wales,AUS,Australia,162.8356,191394.0,"CCS (Type 2), CHAdeMO",1.0,NRMA,Free,0.0047,,,,coordinate_distance
Unknown,"NARELLAN RD CNR MAXWELL PL, Sydney, 2567",Ampol,4,DC,150 kW,-34.04010015,150.7435405,Camden Council,2567,Existing Fast Chargers,Operational,150.0,150.0,22.0,123,Sydney - Outer South West,0,No change,1GSYD,Greater Sydney,1,New South Wales,AUS,Australia,1277.2421,,,,,,,,,,no_match
Unknown,"Newbridge Road 216, Sydney, 2170",Ampol,2,DC,150 kW,-33.92932037,150.9551001,Liverpool City Council,2170,Existing Fast Chargers,Operational,150.0,150.0,26.0,127,Sydney - South West,0,No change,1GSYD,Greater Sydney,1,New South Wales,AUS,Australia,540.2775,,,,,,,,,,no_match
Unknown,"North Ter, Sydney, 2200",Chargefox,4,DC,200 kW,-33.91649454,151.0402563,Canterbury Bankstown Council,2200,Existing Fast Chargers,Operational,200.0,200.0,18.0,119,Sydney - Inner South West,0,No change,1GSYD,Greater Sydney,1,New South Wales,AUS,Australia,163.9273,,,,,,,,,,no_match
Unknown,"Oatley Railway Station, Oatley Pde, Oatley, New South Wales 2223, Australia",JOLT,1,DC,25 kW,-33.981453,151.079434,Georges River Council,2223,TfNSW Commuter Car Parks,Operational,25.0,25.0,18.0,119,Sydney - Inner South West,0,No change,1GSYD,Greater Sydney,1,New South Wales,AUS,Australia,163.9273,,,,,,,,,,no_match
Unknown,"Orchard Ct, Bathurst, 2795",Exploren,2,DC,120 kW,-33.42979584,149.560006,Bathurst Regional Council,2795,Existing Fast Chargers,Operational,120.0,120.0,2.0,103,Central West,0,No change,1RNSW,Rest of NSW,1,New South Wales,AUS,Australia,70297.0605,,,,,,,,,,no_match
Unknown,"Pacific Hwy Cnr, 13-15 Costa Ave, Charmhaven NSW 2263",Ampol,4,DC,125 kW,-33.2179895,151.5103011,Maitland City Council,2263,ARENA - Driving the Nation,Operational,125.0,125.0,1.0,102,Central Coast,0,No change,1GSYD,Greater Sydney,1,New South Wales,AUS,Australia,1681.009,,,,,,,,,,no_match
Unknown,"Pacific Hwy, Boambee, 2450",Chargefox,2,DC,270 kW,-30.31793098,153.0897227,Coffs Harbour City Council,2450,Existing Fast Chargers,Operational,270.0,270.0,3.0,104,Coffs Harbour - Grafton,0,No change,1RNSW,Rest of NSW,1,New South Wales,AUS,Australia,13229.7573,172852.0,"CCS (Type 2), CHAdeMO",2.0,Chargefox,$0.60/kWh,0.0155,,,,coordinate_distance
Unknown,"Parramatta Rd 214, Sydney, 2134",Everty,2,DC,60 kW,-33.86979084,151.1106677,Burwood Council,2134,Existing Fast Chargers,Operational,60.0,60.0,19.0,120,Sydney - Inner West,0,No change,1GSYD,Greater Sydney,1,New South Wales,AUS,Australia,64.5756,,,,,,,,,,no_match
Unknown,"Penrith Railway Station, Jane St, Penrith, New South Wales 2750, Australia",JOLT,1,DC,25 kW,-33.750304,150.694089,Penrith City Council,2750,TfNSW Commuter Car Parks,Operational,25.0,25.0,23.0,124,Sydney - Outer West and Blue Mountains,0,No change,1GSYD,Greater Sydney,1,New South Wales,AUS,Australia,3968.1295,274056.0,"CCS (Type 2), CHAdeMO",1.0,Ampol AmpCharge,$0.69/kWh for pay-as-you-go charging.,0.8151,,,,coordinate_distance
Unknown,"Pittwater Road, Sydney, 2101",JOLT,2,DC,25 kW,-33.71376381,151.2971421,Northern Beaches Council,2101,Existing Fast Chargers,Operational,25.0,25.0,21.0,122,Sydney - Northern Beaches,0,No change,1GSYD,Greater Sydney,1,New South Wales,AUS,Australia,254.2073,,,,,,,,,,no_match
Unknown,"Pole Ln, Sydney, 2065",Evie,4,DC,75 kW,-33.82462167,151.1997668,North Sydney Council,2065,Existing Fast Chargers,Operational,75.0,75.0,20.0,121,Sydney - North Sydney and Hornsby,0,No change,1GSYD,Greater Sydney,1,New South Wales,AUS,Australia,275.0992,272632.0,"CCS (Type 2), CHAdeMO",2.0,Evie,,0.4188,,,,coordinate_distance
Unknown,"Prince of Wales Dr, Sydney, 2073",Exploren,2,DC,60 kW,-33.76357562,151.1336246,Ku-ring-gai Council,2073,Existing Fast Chargers,Operational,60.0,60.0,20.0,121,Sydney - North Sydney and Hornsby,0,No change,1GSYD,Greater Sydney,1,New South Wales,AUS,Australia,275.0992,,,,,,,,,,no_match
Unknown,"Prospect St, Holbrook, 2644",NRMA,2,DC,50 kW,-35.7181522,147.316019,Greater Hume Shire Council,2644,Existing Fast Chargers,Operational,50.0,50.0,8.0,109,Murray,0,No change,1RNSW,Rest of NSW,1,New South Wales,AUS,Australia,97796.4912,190359.0,"CCS (Type 2), CHAdeMO",1.0,NRMA,,0.1744,,,,coordinate_distance
Unknown,"Riverside Dr, Jugiong, 2726",NRMA,2,DC,50 kW,-34.82342947,148.3257027,Hilltops Council,2726,Existing Fast Chargers,Operational,50.0,50.0,0.0,101,Capital Region,0,No change,1RNSW,Rest of NSW,1,New South Wales,AUS,Australia,51896.2445,190358.0,CCS (Type 2),1.0,NRMA,$0.70/kWh,0.0302,,,,coordinate_distance
Unknown,"Rogan Ln, Young, 2594",NRMA,2,DC,50 kW,-34.31177382,148.2950991,Hilltops Council,2594,Existing Fast Chargers,Operational,50.0,50.0,0.0,101,Capital Region,0,No change,1RNSW,Rest of NSW,1,New South Wales,AUS,Australia,51896.2445,191958.0,CCS (Type 2),2.0,NRMA,$0.64/kWh,0.0108,,,,coordinate_distance
Unknown,"Rosevillle Railway Station, Hill Street, Roseville, New South Wales 2069, Australia",JOLT,1,DC,25 kW,-33.782904,151.175213,Ku-ring-gai Council,2069,TfNSW Commuter Car Parks,Operational,25.0,25.0,20.0,121,Sydney - North Sydney and Hornsby,0,No change,1GSYD,Greater Sydney,1,New South Wales,AUS,Australia,275.0992,,,,,,,,,,no_match
Unknown,"Shire St, West Wyalong, 2671",NRMA,2,DC,50 kW,-33.92382187,147.2033794,Bland Shire Council,2671,Existing Fast Chargers,Operational,50.0,50.0,2.0,103,Central West,0,No change,1RNSW,Rest of NSW,1,New South Wales,AUS,Australia,70297.0605,190669.0,"CCS (Type 2), CHAdeMO",4.0,NRMA,$0.74/kWh,0.0341,,,,coordinate_distance
Unknown,"Shop 2140, Newcastle, 2289",Exploren,4,DC,60 kW,-32.94079384,151.7105495,Newcastle City Council,2289,Existing Fast Chargers,Operational,60.0,60.0,10.0,111,Newcastle and Lake Macquarie,0,No change,1RNSW,Rest of NSW,1,New South Wales,AUS,Australia,870.5824,,,,,,,,,,no_match
Unknown,"Short St, Mudgee, 2850",NRMA,4,DC,125 kW,-32.58960965,149.5857578,Mid-Western Regional Council,2850,Existing Fast Chargers,Operational,125.0,125.0,2.0,103,Central West,0,No change,1RNSW,Rest of NSW,1,New South Wales,AUS,Australia,70297.0605,274144.0,"CCS (Type 2), CHAdeMO",4.0,NRMA,60c / 54c for NRMA Members,0.0755,,,,coordinate_distance
Unknown,"Skillman's Lane, Coonamble, NSW 2829, Australia",NRMA,4,DC,50 kW,-34.8411047,148.912197,Coonamble Shire Council,2582,TfNSW Regional,Operational,50.0,50.0,0.0,101,Capital Region,0,No change,1RNSW,Rest of NSW,1,New South Wales,AUS,Australia,51896.2445,190005.0,"CCS (Type 2), CHAdeMO",1.0,NRMA,FREE,0.0228,,,,coordinate_distance
Unknown,"Sommerlad Ln, Glen Innes, 2370",NRMA,2,DC,50 kW,-29.73846351,151.7363083,Glen Innes Severn Council,2370,Existing Fast Chargers,Operational,50.0,50.0,9.0,110,New England and North West,0,No change,1RNSW,Rest of NSW,1,New South Wales,AUS,Australia,99139.9014,266499.0,"CCS (Type 2), CHAdeMO",1.0,NRMA,FREE,0.0005,,,,coordinate_distance
Unknown,"Stuart St, Wagga Wagga, 2650",Everty,2,DC,25 kW,-35.12347852,147.3992282,Wagga Wagga City Council,2650,Existing Fast Chargers,Operational,25.0,25.0,12.0,113,Riverina,0,No change,1RNSW,Rest of NSW,1,New South Wales,AUS,Australia,56984.9808,306016.0,"CCS (Type 2), CHAdeMO",1.0,Everty,$0.35/kWh,0.0186,,,,coordinate_distance
Unknown,"Sunset Blvd, Soldiers Point, 2317",Chargefox,2,DC,24 kW,-32.70138843,152.0626466,Port Stephens Council,2317,Existing Fast Chargers,Operational,24.0,24.0,5.0,106,Hunter Valley exc Newcastle,0,No change,1RNSW,Rest of NSW,1,New South Wales,AUS,Australia,21491.2923,273225.0,"CCS (Type 2), CHAdeMO",1.0,Chargefox,$0.45 per kWh,0.0107,,,,coordinate_distance
Unknown,"University of Wollongong, Northfields Avenue, Wollongong NSW 2522, Australia",Chargefox,6,DC,175 kW,-34.4079569,150.877135,Wollongong City Council,2522,Fast Charging R2,Operational,175.0,175.0,6.0,107,Illawarra,0,No change,1RNSW,Rest of NSW,1,New South Wales,AUS,Australia,1539.2408,,,,,,,,,,no_match
Unknown,"Valder Way, Charles Sturt University, 2678",Exploren,2,DC,120 kW,-35.05693398,147.3512593,Wagga Wagga City Council,2678,Existing Fast Chargers,Operational,120.0,120.0,12.0,113,Riverina,0,No change,1RNSW,Rest of NSW,1,New South Wales,AUS,Australia,56984.9808,,,,,,,,,,no_match
Unknown,"Vesper St, Batemans Bay, 2536",NRMA,4,DC,75 kW,-35.7095526,150.173983,Eurobodalla Shire Council,2536,Existing Fast Chargers,Operational,75.0,75.0,0.0,101,Capital Region,0,No change,1RNSW,Rest of NSW,1,New South Wales,AUS,Australia,51896.2445,209950.0,"CHAdeMO, CCS (Type 2)",2.0,NRMA,FREE,0.1002,,,,coordinate_distance
Unknown,"Waddells Ave, Singleton, 2330",Everty,2,DC,50 kW,-32.57698603,151.1842142,Singleton Council,2330,Existing Fast Chargers,Operational,50.0,50.0,5.0,106,Hunter Valley exc Newcastle,0,No change,1RNSW,Rest of NSW,1,New South Wales,AUS,Australia,21491.2923,272784.0,CCS (Type 2),2.0,Everty,.35,0.0351,,,,coordinate_distance
Unknown,"Walton Ln, Picton, 2571",NRMA,2,DC,50 kW,-34.16828833,150.6109429,Wollondilly Shire Council,2571,Existing Fast Chargers,Operational,50.0,50.0,22.0,123,Sydney - Outer South West,0,No change,1GSYD,Greater Sydney,1,New South Wales,AUS,Australia,1277.2421,161843.0,"CCS (Type 2), CHAdeMO",1.0,NRMA,Currently free but will be fee at some point,0.0093,,,,coordinate_distance
Unknown,"Western Motorway, Sydney, 2766",Ampol,15,DC,240 kW,-33.80154859,150.886,Blacktown City Council,2766,Existing Fast Chargers,Operational,240.0,240.0,15.0,116,Sydney - Blacktown,0,No change,1GSYD,Greater Sydney,1,New South Wales,AUS,Australia,240.8836,,,,,,,,,,no_match
Unknown,"William St, Sydney, 2046",Evie,2,DC,75 kW,-33.86864269,151.1185836,"Canada Bay Council, City of",2046,Existing Fast Chargers,Operational,75.0,75.0,19.0,120,Sydney - Inner West,0,No change,1GSYD,Greater Sydney,1,New South Wales,AUS,Australia,64.5756,272684.0,"CCS (Type 2), CHAdeMO",2.0,Evie,,0.9818,,,,coordinate_distance
Unknown,"Wingewarra St, Dubbo, 2830",NRMA,2,DC,50 kW,-32.24936341,148.6091872,Dubbo Regional Council,2830,Existing Fast Chargers,Operational,50.0,50.0,4.0,105,Far West and Orana,0,No change,1RNSW,Rest of NSW,1,New South Wales,AUS,Australia,339355.6495,191955.0,"CCS (Type 2), CHAdeMO",1.0,NRMA,FREE,0.0158,,,,coordinate_distance
Unknown,"Wyong Rd, Central Coast, 2261",BP,2,DC,75 kW,-33.36284489,151.4442893,Central Coast Council,2261,Existing Fast Chargers,Operational,75.0,75.0,1.0,102,Central Coast,0,No change,1GSYD,Greater Sydney,1,New South Wales,AUS,Australia,1681.009,266767.0,"CHAdeMO, CCS (Type 2)",2.0,BP Pulse (AU),$0.55/kwh,0.0174,,,,coordinate_distance
Evie Networks,"92 Houston Rd, Kingsford NSW 2032, Australia",Evie Networks,2,DC,50,-33.9242319,151.2266791,Unknown,Unknown,Unknown,Operational,50.0,50.0,17.0,118,Sydney - Eastern Suburbs,0,No change,1GSYD,Greater Sydney,1,New South Wales,AUS,Australia,57.7341,,,,,,,,,,no_match
Unknown,197-215 Condamine St Balgowlah NSW 2093 Australia,Tesla Motors,6,DC,2x350kW & 2x175kW,-33.7929122,151.2645298,Unknown,Unknown,Unknown,Operational,350.0,1050.0,21.0,122,Sydney - Northern Beaches,0,No change,1GSYD,Greater Sydney,1,New South Wales,AUS,Australia,254.2073,,,,,,,,,,no_match
Unknown,"University of Wollongong, Northfields Avenue, Wollongong NSW 2522, Australia",University of,6,DC,2x350kW & 2x175kW,-34.4079569,150.877135,Unknown,Unknown,Unknown,Operational,350.0,1050.0,6.0,107,Illawarra,0,No change,1RNSW,Rest of NSW,1,New South Wales,AUS,Australia,1539.2408,,,,,,,,,,no_match
Unknown,20-22 Camden Rd Campbelltown NSW 2560 Australia,Tesla Motors,12,DC,2x350kW & 2x175kW,-34.0722029,150.8068155,Unknown,Unknown,Unknown,Operational,350.0,1050.0,22.0,123,Sydney - Outer South West,0,No change,1GSYD,Greater Sydney,1,New South Wales,AUS,Australia,1277.2421,266501.0,CCS (Type 2),12.0,Tesla (Tesla-only charging),$0.66/kWh,0.0883,,,,coordinate_distance
Unknown,"241 Waterworth Dr, Mount Annan NSW 2567, Australia",Viva Energy A,4,DC,2x350kW & 2x175kW,-34.0495366,150.7601125,Unknown,Unknown,Unknown,Operational,350.0,1050.0,22.0,123,Sydney - Outer South West,0,No change,1GSYD,Greater Sydney,1,New South Wales,AUS,Australia,1277.2421,,,,,,,,,,no_match
Unknown,"19 Princes Hwy, Figtree NSW 2525, Australia",Tesla Motors,6,DC,2x350kW & 2x175kW,-34.4366153,150.8632982,Unknown,Unknown,Unknown,Operational,350.0,1050.0,6.0,107,Illawarra,0,No change,1RNSW,Rest of NSW,1,New South Wales,AUS,Australia,1539.2408,131564.0,Type 2 (Socket Only),2.0,,Free,0.0913,,,,coordinate_distance
Unknown,"173 Canterbury Road, Bankstown NSW 2200",Tesla,6,DC,175 kW,-33.9336017,151.0299345,Canterbury Bankstown Council,2200,Fast Charging R1,Operational,175.0,175.0,18.0,119,Sydney - Inner South West,0,No change,1GSYD,Greater Sydney,1,New South Wales,AUS,Australia,163.9273,308738.0,CCS (Type 2),6.0,Tesla (including non-tesla),$0.69/kWh,0.1379,,,,coordinate_distance
Unknown,"179-183 Hume St, Goulburn NSW 2580",Tesla,20,DC,175 kW,-34.7720602,149.6923766,Goulburn Mulwaree Council,2580,Fast Charging R1,Operational,175.0,175.0,0.0,101,Capital Region,0,No change,1RNSW,Rest of NSW,1,New South Wales,AUS,Australia,51896.2445,296038.0,CCS (Type 2),2.0,Chargefox,,0.0393,,,,coordinate_distance
Unknown,188 Fernleigh Rd Glenfield Park NSW 2650 Australia,Tesla,6,DC,175 kW,-35.1317745,147.3398455,Wagga Wagga City Council,2650,Fast Charging R1,Operational,175.0,175.0,12.0,113,Riverina,0,No change,1RNSW,Rest of NSW,1,New South Wales,AUS,Australia,56984.9808,300153.0,CCS (Type 2),6.0,Tesla (including non-tesla),$0.69/kWh,0.0811,,,,coordinate_distance
Unknown,2 Bridge Rd Griffith NSW 2680 Australia,Tesla,6,DC,175 kW,-34.2922641,146.0507015,Griffith City Council,2680,Fast Charging R1,Operational,175.0,175.0,12.0,113,Riverina,0,No change,1RNSW,Rest of NSW,1,New South Wales,AUS,Australia,56984.9808,306013.0,CCS (Type 2),6.0,Tesla (including non-tesla),up to $0.92/kWh,0.0469,,,,coordinate_distance
Unknown,"2 Coast Hospital Rd
Little Bay NSW 2036
Australia",Evie Networks,2,DC,75 kW,-33.9808158,151.2498636,Randwick City Council,2036,Kerbside Charging R1,Operational,75.0,75.0,17.0,118,Sydney - Eastern Suburbs,0,No change,1GSYD,Greater Sydney,1,New South Wales,AUS,Australia,57.7341,,,,,,,,,,no_match
Unknown,2 Moonee Beach Rd Moonee Beach NSW 2450 Australia,Tesla,15,DC,175 kW,-30.204973,153.1501028,Coffs Harbour City Council,2450,Fast Charging R1,Operational,175.0,175.0,3.0,104,Coffs Harbour - Grafton,0,No change,1RNSW,Rest of NSW,1,New South Wales,AUS,Australia,13229.7573,311704.0,CCS (Type 2),15.0,Tesla (including non-tesla),$0.56/kWh,0.0681,,,,coordinate_distance
Unknown,"218 Katoomba St, Katoomba NSW 2780, Australia",Zeus Renewables,4,DC,175 kW,-33.7177016,150.3112897,Blue Mountains City Council,2780,Fast Charging R1,Operational,175.0,175.0,23.0,124,Sydney - Outer West and Blue Mountains,0,No change,1GSYD,Greater Sydney,1,New South Wales,AUS,Australia,3968.1295,,,,,,,,,,no_match
Unknown,"234 Miller St
North Sydney NSW 2060
Australia",Evie Networks,4,DC,75 kW,-33.833276,151.2071934,North Sydney Council,2060,Kerbside Charging R1,Operational,75.0,75.0,20.0,121,Sydney - North Sydney and Hornsby,0,No change,1GSYD,Greater Sydney,1,New South Wales,AUS,Australia,275.0992,,,,,,,,,,no_match
Unknown,25 Danks St Waterloo NSW 2017,Tesla,8,DC,175 kW,-33.898174,151.2117721,"Sydney, Council of the City of",2017,Fast Charging R1,Operational,175.0,175.0,16.0,117,Sydney - City and Inner South,0,No change,1GSYD,Greater Sydney,1,New South Wales,AUS,Australia,66.117,150024.0,Tesla (Model S/X),1.0,(Unknown Operator),Free,0.539,,,,coordinate_distance
Unknown,"260 Victoria Avenue, Chatswood, NSW 2067",Tesla,8,DC,175 kW,-33.7949453,151.188291,Willoughby City Council,2067,Fast Charging R1,Operational,175.0,175.0,20.0,121,Sydney - North Sydney and Hornsby,0,No change,1GSYD,Greater Sydney,1,New South Wales,AUS,Australia,275.0992,266872.0,CCS (Type 2),2.0,Chargefox,$0.45/kWh,0.1721,,,,coordinate_distance
Unknown,"2-8 Turramurra Ave
Turramurra NSW 2074
Australia",Evie Networks,4,DC,75 kW,-33.732342,151.1304142,Ku-ring-gai Council,2074,Kerbside Charging R1,Operational,75.0,75.0,20.0,121,Sydney - North Sydney and Hornsby,0,No change,1GSYD,Greater Sydney,1,New South Wales,AUS,Australia,275.0992,,,,,,,,,,no_match
Unknown,"29 Perry St, Euston NSW 2737, Australia",NRMA,4,DC,175 kW,-34.5765963,142.7428195,Balranald Shire Council,2737,Fast Charging R1,Operational,175.0,175.0,8.0,109,Murray,0,No change,1RNSW,Rest of NSW,1,New South Wales,AUS,Australia,97796.4912,,,,,,,,,,no_match
Unknown,"31 Moate St
Georgetown NSW 2298
Australia",Chargefox,2,DC,60 kW,-32.90876,151.7296847,Newcastle City Council,2298,Kerbside Charging R1,Operational,60.0,60.0,10.0,111,Newcastle and Lake Macquarie,0,No change,1RNSW,Rest of NSW,1,New South Wales,AUS,Australia,870.5824,,,,,,,,,,no_match
Unknown,"374 Peel St, Tamworth NSW 2340, Australia",Evie Networks,4,DC,175 kW,-31.0900932,150.9304748,Tamworth Regional Council,2340,Fast Charging R1,Operational,175.0,175.0,9.0,110,New England and North West,0,No change,1RNSW,Rest of NSW,1,New South Wales,AUS,Australia,99139.9014,312659.0,"CCS (Type 2), Type 2 (Socket Only)",1.0,Evie,63c,0.037,,,,coordinate_distance
Unknown,"392 Manns Road, West Gosford NSW 2250 Australia",Tesla,12,DC,175 kW,-33.4258966,151.3205356,Central Coast Council,2250,Fast Charging R1,Operational,175.0,175.0,1.0,102,Central Coast,0,No change,1GSYD,Greater Sydney,1,New South Wales,AUS,Australia,1681.009,,,,,,,,,,no_match
Unknown,"3A Cowell St
Gladesville NSW 2111
Australia",Evie Networks,2,DC,75 kW,-33.8329216,151.1276887,"Hunters Hill, The Council of the Municipality of",2111,Kerbside Charging R1,Operational,75.0,75.0,25.0,126,Sydney - Ryde,0,No change,1GSYD,Greater Sydney,1,New South Wales,AUS,Australia,69.3368,,,,,,,,,,no_match
Unknown,"424 Hoxton Park Rd, Prestons, NSW, 2170",NRMA,4,DC,175 kW,-33.9304674,150.8750193,Liverpool City Council,2170,Fast Charging R1,Operational,175.0,175.0,26.0,127,Sydney - South West,0,No change,1GSYD,Greater Sydney,1,New South Wales,AUS,Australia,540.2775,,,,,,,,,,no_match
Unknown,"46 Wynter St, Taree NSW 2430, Australia",Tesla,12,DC,175 kW,-31.9091185,152.4602815,Mid-Coast Council,2430,Fast Charging R1,Operational,175.0,175.0,7.0,108,Mid North Coast,0,No change,1RNSW,Rest of NSW,1,New South Wales,AUS,Australia,18851.4993,460625.0,CCS (Type 2),12.0,Tesla (including non-tesla),,0.227,,,,coordinate_distance
Unknown,"47-49A Cleary St
Hamilton NSW 2303
Australia",Chargefox,2,DC,60 kW,-32.9212044,151.7479743,Newcastle City Council,2303,Kerbside Charging R1,Operational,60.0,60.0,10.0,111,Newcastle and Lake Macquarie,0,No change,1RNSW,Rest of NSW,1,New South Wales,AUS,Australia,870.5824,,,,,,,,,,no_match
Unknown,477 Coolac Rd Coolac NSW 2727 Australia,Tesla,12,DC,175 kW,-34.9244264,148.1654233,Cootamundra-gundagai Regional Council,2727,Fast Charging R1,Operational,175.0,175.0,12.0,113,Riverina,0,No change,1RNSW,Rest of NSW,1,New South Wales,AUS,Australia,56984.9808,461335.0,CCS (Type 2),12.0,Tesla (including non-tesla),,0.0544,,,,coordinate_distance
Unknown,"481 Pacific Hwy, Wyoming NSW 2250, Australia",BP,6,DC,175 kW,-33.4082245,151.3511059,Central Coast Council,2250,Fast Charging R1,Operational,175.0,175.0,1.0,102,Central Coast,0,No change,1GSYD,Greater Sydney,1,New South Wales,AUS,Australia,1681.009,508148.0,"CCS (Type 2), CHAdeMO",6.0,BP Pulse (AU),55c/kWh,0.0242,,,,coordinate_distance
Unknown,"592 Anzac Pde
Kingsford NSW 2032
Australia",Evie Networks,4,DC,75 kW,-33.9260318,151.2312658,Randwick City Council,2032,Kerbside Charging R1,Operational,75.0,75.0,17.0,118,Sydney - Eastern Suburbs,0,No change,1GSYD,Greater Sydney,1,New South Wales,AUS,Australia,57.7341,,,,,,,,,,no_match
Unknown,"60-62 Amherst St
Cammeray NSW 2062
Australia",Evie Networks,4,DC,50 kW,-33.8227718,151.2109254,North Sydney Council,2062,Kerbside Charging R1,Operational,50.0,50.0,20.0,121,Sydney - North Sydney and Hornsby,0,No change,1GSYD,Greater Sydney,1,New South Wales,AUS,Australia,275.0992,,,,,,,,,,no_match
Unknown,618 Dean St Albury NSW 2640 Australia,Tesla,16,DC,175 kW,-36.0796606,146.9138899,Albury City Council,2640,Fast Charging R1,Operational,175.0,175.0,8.0,109,Murray,0,No change,1RNSW,Rest of NSW,1,New South Wales,AUS,Australia,97796.4912,300154.0,CCS (Type 2),12.0,Tesla (including non-tesla),$0.69/kWh,0.0492,,,,coordinate_distance
Unknown,"65 Hume St
Crows Nest NSW 2065
Australia",Evie Networks,4,DC,75 kW,-33.8243185,151.2002301,North Sydney Council,2065,Kerbside Charging R1,Operational,75.0,75.0,20.0,121,Sydney - North Sydney and Hornsby,0,No change,1GSYD,Greater Sydney,1,New South Wales,AUS,Australia,275.0992,272632.0,"CCS (Type 2), CHAdeMO",2.0,Evie,,0.4559,,,,coordinate_distance
Unknown,"68 Lead St, Yass NSW 2582, Australia",Tesla,12,DC,175 kW,-34.8436036,148.9142289,Yass Valley Council,2582,Fast Charging R1,Operational,175.0,175.0,0.0,101,Capital Region,0,No change,1RNSW,Rest of NSW,1,New South Wales,AUS,Australia,51896.2445,296045.0,CCS (Type 2),1.0,Tesla (including non-tesla),$0.52/kWh,0.0251,,,,coordinate_distance
Unknown,"7 Northwood Rd, Longueville NSW 2066, Australia",BP,4,DC,175 kW,-33.8245399,151.172579,Lane Cove Municipal Council,2066,Fast Charging R1,Operational,175.0,175.0,20.0,121,Sydney - North Sydney and Hornsby,0,No change,1GSYD,Greater Sydney,1,New South Wales,AUS,Australia,275.0992,,,,,,,,,,no_match
Unknown,72 Lachlan St Hay NSW 2711 Australia,Tesla,6,DC,175 kW,-34.5115082,144.8422816,Hay Shire Council,2711,Fast Charging R1,Operational,175.0,175.0,8.0,109,Murray,0,No change,1RNSW,Rest of NSW,1,New South Wales,AUS,Australia,97796.4912,190670.0,"CCS (Type 2), CHAdeMO",1.0,NRMA,Currently free but will be fee at some point.,0.3198,,,,coordinate_distance
Unknown,"76 Glossop St, North St Marys NSW 2760, Australia",BP,4,DC,175 kW,-33.7601979,150.7816339,Penrith City Council,2760,Fast Charging R1,Operational,175.0,175.0,23.0,124,Sydney - Outer West and Blue Mountains,0,No change,1GSYD,Greater Sydney,1,New South Wales,AUS,Australia,3968.1295,,,,,,,,,,no_match
Unknown,"8 Federation Rd
Camperdown NSW 2050
Australia",EVX,2,DC,60 kW,-33.8934749,151.178294,Inner West Council,2050,Kerbside Charging R1,Operational,60.0,60.0,16.0,117,Sydney - City and Inner South,0,No change,1GSYD,Greater Sydney,1,New South Wales,AUS,Australia,66.117,,,,,,,,,,no_match
Unknown,"8 Stanley St, Bathurst, NSW, 2795, Australia",NRMA,4,DC,175 kW,-33.413357,149.5853256,Bathurst Regional Council,2795,Fast Charging R1,Operational,175.0,175.0,2.0,103,Central West,0,No change,1RNSW,Rest of NSW,1,New South Wales,AUS,Australia,70297.0605,121552.0,CCS (Type 2),6.0,Tesla (including non-tesla),AUD 0.66/kWh;other tariffs for older cars,0.6512,,,,coordinate_distance
Unknown,"801-899R Bunnerong Rd
Chifley NSW 2036
Australia",Chargefox,2,DC,50 kW,-33.9729613,151.2365649,Waverley Council,2036,Kerbside Charging R1,Operational,50.0,50.0,17.0,118,Sydney - Eastern Suburbs,0,No change,1GSYD,Greater Sydney,1,New South Wales,AUS,Australia,57.7341,272619.0,"CCS (Type 2), CHAdeMO",8.0,Chargefox,Free - $0.42/kWh,0.0869,,,,coordinate_distance
Unknown,82 Summer St Orange NSW 2800 Australia,Tesla,6,DC,175 kW,-33.2833264,149.0944601,Orange City Council,2800,Fast Charging R1,Operational,175.0,175.0,2.0,103,Central West,0,No change,1RNSW,Rest of NSW,1,New South Wales,AUS,Australia,70297.0605,191954.0,"CCS (Type 2), CHAdeMO",1.0,NRMA,FREE,0.8028,,,,coordinate_distance
Unknown,"8275 Pacific Hwy, New Italy NSW 2472",Tesla,12,DC,175 kW,-30.8015492,152.8689544,Richmond Valley Council,2472,Fast Charging R1,Operational,175.0,175.0,7.0,108,Mid North Coast,0,No change,1RNSW,Rest of NSW,1,New South Wales,AUS,Australia,18851.4993,,,,,,,,,,no_match
Unknown,"85 South St, Ulladulla NSW 2539, Australia",Evie Networks,4,DC,175 kW,-35.3595567,150.4754013,Shoalhaven City Council,2539,Fast Charging R1,Operational,175.0,175.0,13.0,114,Southern Highlands and Shoalhaven,0,No change,1RNSW,Rest of NSW,1,New South Wales,AUS,Australia,6704.9619,,,,,,,,,,no_match
Unknown,"850 Woodville Rd, Villawood 2163, NSW",Evie Networks,4,DC,175 kW,-33.8791212,150.9776442,Canterbury Bankstown Council,2163,Fast Charging R2,Operational,175.0,175.0,24.0,125,Sydney - Parramatta,0,No change,1GSYD,Greater Sydney,1,New South Wales,AUS,Australia,162.8356,,,,,,,,,,no_match
Unknown,"872 Anzac Pde, Maroubra, NSW, 2035",Evie Networks,4,DC,75 kW,-33.9406054,151.2395169,Randwick City Council,2035,Kerbside Charging R1,Operational,75.0,75.0,17.0,118,Sydney - Eastern Suburbs,0,No change,1GSYD,Greater Sydney,1,New South Wales,AUS,Australia,57.7341,,,,,,,,,,no_match
Unknown,"9 Vickery Ave
Rose Bay NSW 2029
Australia",Evie Networks,4,DC,75 kW,-33.8703543,151.2642569,Woollahra Municipal Council,2029,Kerbside Charging R1,Operational,75.0,75.0,17.0,118,Sydney - Eastern Suburbs,0,No change,1GSYD,Greater Sydney,1,New South Wales,AUS,Australia,57.7341,,,,,,,,,,no_match
Unknown,"9-17 Short St, Parkes NSW 2870",Tesla,4,DC,175 kW,-33.1413775,148.1740685,Parkes Shire Council,2870,Fast Charging R1,Operational,175.0,175.0,2.0,103,Central West,0,No change,1RNSW,Rest of NSW,1,New South Wales,AUS,Australia,70297.0605,191956.0,"CCS (Type 2), CHAdeMO",1.0,NRMA,FREE,0.4599,,,,coordinate_distance
Unknown,"924 Anzac Pde
Maroubra NSW 2035
Australia",Evie Networks,2,DC,75 kW,-33.9427694,151.2401202,Randwick City Council,2035,Kerbside Charging R1,Operational,75.0,75.0,17.0,118,Sydney - Eastern Suburbs,0,No change,1GSYD,Greater Sydney,1,New South Wales,AUS,Australia,57.7341,,,,,,,,,,no_match
Unknown,"Brewer St
Concord NSW 2137
Australia",Evie Networks,4,DC,75 kW,-33.8538342,151.1054057,City Of Canada Bay Council,2137,Kerbside Charging R1,Operational,75.0,75.0,19.0,120,Sydney - Inner West,0,No change,1GSYD,Greater Sydney,1,New South Wales,AUS,Australia,64.5756,,,,,,,,,,no_match
Unknown,"Cabarita Beach Bowls and Sports Club, Cabarita Beach NSW 2488",NRMA,4,DC,175 kW,-28.332159,153.5641479,Tweed Shire Council,2488,Fast Charging R1,Operational,175.0,175.0,11.0,112,Richmond - Tweed,0,No change,1RNSW,Rest of NSW,1,New South Wales,AUS,Australia,10271.3204,295994.0,"CCS (Type 2), CHAdeMO, Type 2 (Socket Only)",4.0,NRMA,$0.60/kWh,0.0576,,,,coordinate_distance
Unknown,"Cnr Cumberland Hwy & Cabramatta Rd W, Cabramatta NSW 2166, Australia",BP,4,DC,175 kW,-33.8993725,150.9191077,Fairfield City Council,2166,Fast Charging R1,Operational,175.0,175.0,26.0,127,Sydney - South West,0,No change,1GSYD,Greater Sydney,1,New South Wales,AUS,Australia,540.2775,191161.0,"CCS (Type 2), CHAdeMO",2.0,Evie,$0.40/kWh,0.1,,,,coordinate_distance
Unknown,"Coonabarabran Visitor Cntr, Coonabarabran, 2357",NRMA,2,DC,50 kW,-31.27879984,149.2792432,Warrumbungle Shire Council,2357,Existing Fast Chargers,Operational,50.0,50.0,4.0,105,Far West and Orana,0,No change,1RNSW,Rest of NSW,1,New South Wales,AUS,Australia,339355.6495,191959.0,"CCS (Type 2), CHAdeMO",1.0,NRMA,FREE,0.0129,,,,coordinate_distance
Unknown,Corner Sturgeon St & Glenelg St Raymond Terrace NSW 2324 Australia,Tesla,12,DC,175 kW,-32.7645423,151.7425233,Port Stephens Council,2324,Fast Charging R1,Operational,175.0,175.0,5.0,106,Hunter Valley exc Newcastle,0,No change,1RNSW,Rest of NSW,1,New South Wales,AUS,Australia,21491.2923,297859.0,CCS (Type 2),12.0,Tesla (including non-tesla),$0.68/kWh,0.0972,,,,coordinate_distance
Unknown,Council Car Park Lot 4 / DP251076 between 46 Lowe Street Queanbeyan NSW 2620,NRMA,4,DC,175 kW,-35.3549827,149.2329145,Queanbeyan-Palerang Regional Council,2620,Fast Charging R1,Operational,175.0,175.0,0.0,101,Capital Region,0,No change,1RNSW,Rest of NSW,1,New South Wales,AUS,Australia,51896.2445,,,,,,,,,,no_match
Unknown,"Gasworks Ln, Molong, NSW, 2866, Australia",NRMA,4,DC,175 kW,-33.0912006,148.8706612,Cabonne Council,2866,Fast Charging R1,Operational,175.0,175.0,2.0,103,Central West,0,No change,1RNSW,Rest of NSW,1,New South Wales,AUS,Australia,70297.0605,,,,,,,,,,no_match
Unknown,"Gouldsbury St
Mosman NSW 2088
Australia",Evie Networks,2,DC,75 kW,-33.8276585,151.2423815,Mosman Municipal Council,2088,Kerbside Charging R1,Operational,75.0,75.0,20.0,121,Sydney - North Sydney and Hornsby,0,No change,1GSYD,Greater Sydney,1,New South Wales,AUS,Australia,275.0992,191164.0,"CHAdeMO, CCS (Type 2)",1.0,Evie,$0.40/kWh,0.2603,,,,coordinate_distance
Unknown,"Hope St, Blaxland NSW 2774, Australia",Tesla,6,DC,175 kW,-33.7452292,150.6101288,Blue Mountains City Council,2774,Fast Charging R1,Operational,175.0,175.0,23.0,124,Sydney - Outer West and Blue Mountains,0,No change,1GSYD,Greater Sydney,1,New South Wales,AUS,Australia,3968.1295,266538.0,CCS (Type 2),6.0,Tesla (Tesla-only charging),Supercharger rates,0.0122,,,,coordinate_distance
Unknown,"Jessie St, Armidale NSW 2350, Australia",Tesla,4,DC,175 kW,-30.5132305,151.6633637,Armidale Regional Council,2350,Fast Charging R1,Operational,175.0,175.0,9.0,110,New England and North West,0,No change,1RNSW,Rest of NSW,1,New South Wales,AUS,Australia,99139.9014,460615.0,CCS (Type 2),4.0,Tesla (including non-tesla),,0.0397,,,,coordinate_distance
Unknown,"Queens Rd
Five Dock NSW 2046
Australia",Evie Networks,4,DC,75 kW,-33.8696308,151.1223747,City Of Canada Bay Council,2046,Kerbside Charging R1,Operational,75.0,75.0,19.0,120,Sydney - Inner West,0,No change,1GSYD,Greater Sydney,1,New South Wales,AUS,Australia,64.5756,272684.0,"CCS (Type 2), CHAdeMO",2.0,Evie,,0.6553,,,,coordinate_distance
Unknown,"1 Kendall Ave, Bathurst , 2795",Tesla,12,DC,130 kW,-33.41901006,149.5867568,Bathurst Regional Council,2795,Existing Fast Chargers,Operational,130.0,130.0,2.0,103,Central West,0,No change,1RNSW,Rest of NSW,1,New South Wales,AUS,Australia,70297.0605,121552.0,CCS (Type 2),6.0,Tesla (including non-tesla),AUD 0.66/kWh;other tariffs for older cars,0.0155,,,,coordinate_distance
Unknown,"1 Kendall Ave, Bathurst, 2795",NRMA,2,DC,50 kW,-33.41910215,149.5867528,Bathurst Regional Council,2795,Existing Fast Chargers,Operational,50.0,50.0,2.0,103,Central West,0,No change,1RNSW,Rest of NSW,1,New South Wales,AUS,Australia,70297.0605,121552.0,CCS (Type 2),6.0,Tesla (including non-tesla),AUD 0.66/kWh;other tariffs for older cars,0.0105,,,,coordinate_distance
Unknown,"1 Tasman Rd, Gumly Gumly NSW 2652, Australia",BP,6,DC,175 kW,-35.1262128,147.4209242,Wagga Wagga City Council,2652,Fast Charging R1,Operational,175.0,175.0,12.0,113,Riverina,0,No change,1RNSW,Rest of NSW,1,New South Wales,AUS,Australia,56984.9808,,,,,,,,,,no_match
Unknown,"1/118 Bourke Rd, Alexandria NSW 2015",Tesla,6,DC,175 kW,-33.9132474,151.1935823,"Sydney, Council of the City of",2015,Fast Charging R1,Operational,175.0,175.0,16.0,117,Sydney - City and Inner South,0,No change,1GSYD,Greater Sydney,1,New South Wales,AUS,Australia,66.117,,,,,,,,,,no_match
Unknown,"105-107 Alt St
Ashfield NSW 2131
Australia",EVX,2,DC,25 kW,-33.8803158,151.1299199,Inner West Council,2131,Kerbside Charging R1,Operational,25.0,25.0,19.0,120,Sydney - Inner West,0,No change,1GSYD,Greater Sydney,1,New South Wales,AUS,Australia,64.5756,272684.0,"CCS (Type 2), CHAdeMO",2.0,Evie,,0.7356,,,,coordinate_distance
Unknown,"106 Parraween St
Cremorne NSW 2090
Australia",Evie Networks,4,DC,75 kW,-33.8272794,151.2301624,North Sydney Council,2090,Kerbside Charging R1,Operational,75.0,75.0,20.0,121,Sydney - North Sydney and Hornsby,0,No change,1GSYD,Greater Sydney,1,New South Wales,AUS,Australia,275.0992,,,,,,,,,,no_match
Unknown,117 Tibbereena St Narrabri NSW 2390 Australia,Tesla,4,DC,175 kW,-30.3226373,149.7801888,Narrabri Shire Council,2390,Fast Charging R1,Operational,175.0,175.0,9.0,110,New England and North West,0,No change,1RNSW,Rest of NSW,1,New South Wales,AUS,Australia,99139.9014,,,,,,,,,,no_match
Unknown,"1215 Anzac Pde, Matraville, NSW, 2036",Evie Networks,4,DC,75 kW,-33.9626402,151.245869,Randwick City Council,2036,Kerbside Charging R1,Operational,75.0,75.0,17.0,118,Sydney - Eastern Suburbs,0,No change,1GSYD,Greater Sydney,1,New South Wales,AUS,Australia,57.7341,,,,,,,,,,no_match
Unknown,"1233 Victoria Rd, West Ryde NSW 2114, Australia",BP,4,DC,175 kW,-33.8067305,151.0708812,"Ryde, Council of the City of",2114,Fast Charging R1,Operational,175.0,175.0,25.0,126,Sydney - Ryde,0,No change,1GSYD,Greater Sydney,1,New South Wales,AUS,Australia,69.3368,,,,,,,,,,no_match
Unknown,"1234 Princes Hwy, Engadine NSW 2233, Australia",BP,4,DC,175 kW,-34.0774032,151.0112053,Sutherland Shire Council,2233,Fast Charging R1,Operational,175.0,175.0,27.0,128,Sydney - Sutherland,0,No change,1GSYD,Greater Sydney,1,New South Wales,AUS,Australia,295.8523,,,,,,,,,,no_match
Unknown,"13 Southey St, Jerilderie NSW 2716, Australia",BP,6,DC,175 kW,-35.3608978,145.7194667,Murrumbidgee Council,2716,Fast Charging R1,Operational,175.0,175.0,8.0,109,Murray,0,No change,1RNSW,Rest of NSW,1,New South Wales,AUS,Australia,97796.4912,190915.0,"CCS (Type 2), CHAdeMO",1.0,NRMA,FREE,0.8713,,,,coordinate_distance
Unknown,"144 Bayshore Dr, Byron Bay, 2481",Chargefox,2,DC,50 kW,-28.62590795,153.586978,Byron Shire Council,2481,Existing Fast Chargers,Operational,50.0,50.0,11.0,112,Richmond - Tweed,0,No change,1RNSW,Rest of NSW,1,New South Wales,AUS,Australia,10271.3204,148118.0,Type 2 (Socket Only),2.0,Chargefox,Free,0.762,,,,coordinate_distance
Unknown,"154 Beach Rd, Batemans Bay NSW 2536",Tesla,6,DC,175 kW,-35.7196933,150.1897432,Eurobodalla Shire Council,2536,Fast Charging R1,Operational,175.0,175.0,0.0,101,Capital Region,0,No change,1RNSW,Rest of NSW,1,New South Wales,AUS,Australia,51896.2445,,,,,,,,,,no_match
Unknown,"162 Rouse St, Tenterfield NSW 2372, Australia",Tesla,4,DC,175 kW,-29.0565237,152.0181884,Tenterfield Shire Council,2372,Fast Charging R1,Operational,175.0,175.0,9.0,110,New England and North West,0,No change,1RNSW,Rest of NSW,1,New South Wales,AUS,Australia,99139.9014,312274.0,CCS (Type 2),3.0,Tesla (including non-tesla),$0.69/kWh,0.0787,,,,coordinate_distance
